1000mercis,1000mercis,site_analytics
1plusx,1plusx,site_analytics
tynt,33across,advertising
33across,33across,advertising
ab_tasty,ab_tasty,site_analytics
accengage,accengage,advertising
acint.net,acint,site_analytics
active_agent,active_agent,advertising
kupona,actu_cci,advertising
acuity_ads,acuity_ads,advertising
liveramp,acxiom,advertising
acxiom,acxiom,site_analytics
adriver,ad_river,advertising
ad4mat,ad4mat,advertising
adara_analytics,adara_analytics,advertising
adblade.com,adblade,advertising
adclear,adclear,advertising
adelphic,adelphic,site_analytics
adform,adform,advertising
adfox,adfox,advertising
adgoal,adgoal,advertising
adition,adition_technologies_ag,advertising
adloox,adloox,advertising
adglue,admans,advertising
admedo_com,admedo,advertising
admeta,admeta,advertising
admitad.com,admitad,advertising
adnet.de,adnet.de,advertising
adobe_audience_manager,adobe,advertising
adobe_dynamic_tag_management,adobe,essential
omniture__adobe_analytics_,adobe,site_analytics
digital_analytix,adobe,site_analytics
typekit_by_adobe,adobe,essential
scene7.com,adobe,advertising
adocean,adocean,advertising
adotmob.com,adotmob,advertising
adrecover,adpushup,advertising
adroll,adroll,advertising
adskeeper,adskeeper,advertising
adsnative,adsnative,advertising
ad_spirit,adspirit,advertising
adspyglass,adspyglass,advertising
adtheorent,adtheorant,advertising
adtiger,adtiger,advertising
adtrue,adtrue,advertising
adult_webmaster_empire,adult_webmaster_empire,pornvertising
adventori,adventori,misc
adverserve,adverserve,advertising
adverticum,adverticum,advertising
interyield,advertise.com,advertising
advolution,advolution,advertising
adwebster,adwebster,advertising
adxpansion,adxpansion,pornvertising
adyoulike,adyoulike,advertising
pulpix.com,adyoulike,advertising
adzerk,adzerk,advertising
affimax,affimax,advertising
airpr.com,airpr,site_analytics
akamai_technologies,akamai,cdn
soasta_mpulse,akamai,site_analytics
akanoo,akanoo,site_analytics
alexa_metrics,alexa,site_analytics
alibaba.com,alibaba,misc
alipay.com,alibaba,customer_interaction
taobao,alibaba,advertising
allegro.pl,allegro.pl,misc
amazon_cloudfront,amazon_associates,hosting
amazon_associates,amazon_associates,advertising
amazon_web_services,amazon_associates,hosting
amazon_payments,amazon_associates,customer_interaction
cursecdn.com,amazon_associates,cdn
twitch_cdn,amazon_associates,audio_video_player
twitch.tv,amazon_associates,audio_video_player
curse.com,amazon_associates,misc
media-imdb.com,amazon_associates,cdn
amazon_adsystem,amazon_associates,advertising
amazon_cdn,amazon_associates,cdn
amazon,amazon_associates,misc
amplitude,amplitude,site_analytics
ancestry_cdn,ancestry,cdn
ancora,ancora,site_analytics
answers_cloud_service,answers.com,comments
foresee,answers.com,site_analytics
kaspersky-labs.com,AO Kaspersky Lab,extensions
apa.at,apa,misc
apester,apester,advertising
commission_junction,apn_news_media,advertising
appdynamics,appdynamics,site_analytics
apple,apple,advertising
appnexus,appnexus,advertising
treasuredata,arm,site_analytics
artlebedev.ru,art.lebedev_studio,misc
at_internet,at_internet,site_analytics
atlassian.net,atlassian,customer_interaction
atlassian_marketplace,atlassian,cdn
audience_science,audiencescience,advertising
auth0,auth0,site_analytics
gravatar,automattic,social_media
wordpress_stats,automattic,site_analytics
jetpack,automattic,site_analytics
avocet,avocet,misc
affilinet,axel_springer,advertising
contact_impact,axel_springer,advertising
digital_window,axel_springer,advertising
baidu_ads,baidu,advertising
baidu_static,baidu,misc
bannerflow.com,bannerflow,advertising
bazaarvoice,bazaarvoice,customer_interaction
bbelements.com,bbelements.com,unknown
beeswax,beeswax,customer_interaction
bemobile.ua,bemobile,hosting
betweendigital.com,between_digital,site_analytics
bid.run,bid.run,site_analytics
bidswitch,bidswitch,advertising
bidtellect,bidtellect,advertising
bidtheatre,bidtheatre,advertising
rtmark.net,big_wall_vision,advertising
bloomreach,bloomreach,advertising
bombora,bombora,site_analytics
bootstrap,bootstrap_cdn,cdn
bounce_exchange,bounce_exchange,advertising
branch_metrics,branch_metrics_inc,advertising
braze,braze_inc,site_analytics
brightcove,brightcove,audio_video_player
brightcove_player,brightcove,audio_video_player
browser_update,browser-update,customer_interaction
bugsnag,bugsnag,site_analytics
bunchbox,bunchbox,site_analytics
buysellads,buysellads.com,advertising
catchpoint,catchpoint_systems,site_analytics
cnetcontent.com,cbs_interactive,misc
cedexis_radar,cedexis,site_analytics
certona,certona__resonance_,advertising
chartbeat,chartbeat,site_analytics
chatango,chatango,customer_interaction
clearbit.com,clearbit,site_analytics
clever_push,clever_push,site_analytics
clickonometrics,clickonometrics,advertising
clicktale,clicktale,site_analytics
clicktripz,clicktripz,advertising
clicky,clicky,site_analytics
onaudience,cloud_technologies,advertising
cloudflare,cloudflare,cdn
stickyads,comcast,advertising
freewheel,comcast,audio_video_player
scorecard_research_beacon,comscore,advertising
voicefive,comscore,site_analytics
comscore,comscore,site_analytics
connatix.com,connatix,advertising
connexity,connexity,advertising
connextra,connextra,advertising
content_spread,content_spread,unknown
content.ad,content.ad,advertising
conversant,conversant,advertising
dotomi,conversant,advertising
conviva,conviva,site_analytics
adify,cox_enterpries,advertising
cpmstar,cpmstar,advertising
crazy_egg,crazy_egg,site_analytics
creative_commons,creative_commons_corp,misc
crimtan,crimtan,advertising
criteo,criteo,advertising
hooklogic,criteo,advertising
crossengage,crossengage,site_analytics
cxense,cxense,advertising
platformone,daconsortium,advertising
datadome,datadome,site_analytics
datalogix,datalogix,advertising
dataxu,dataxu,advertising
dc_stormiq,dc_storm,advertising
decibel_insight,decibel_insight,site_analytics
delta_projects,delta_projects,advertising
dantrack.net,dentsu_aegis_network,advertising
merkle_rkg,dentsu_aegis_network,site_analytics
digidip,digidip,advertising
digilant,digilant,advertising
digiteka,digiteka,advertising
videoadex.com,digiteka,advertising
go.com,disney,misc
espn_cdn,disney,cdn
disqus,disqus,comments
disqus_ads,disqus,advertising
are_you_a_human,distil_networks,site_analytics
distil_tag,distil_networks,site_analytics
districtm.io,district_m,advertising
dailymail.co.uk,dmg_media,misc
docler,docler_ip,audio_video_player
doublepimp,doublepimp,pornvertising
doubleverify,doubleverify,advertising
drawbridge,drawbridge,advertising
ebay,ebay_partner_network,advertising
econda,econda,site_analytics
crosssell.info,econda,advertising
effective_measure,effective_measure,advertising
effiliation,effiliation,advertising
ekomi,ekomi,comments
elastic_ad,elastic_ad,advertising
scarabresearch,emarsys,site_analytics
emetriq,emetriq,advertising
orc_international,engine_group,advertising
ensighten,ensighten,essential
epoq,epoq,advertising
eroadvertising,ero_advertising,pornvertising
errorception,errorception,site_analytics
etracker,etracker_gmbh,site_analytics
eulerian,eulerian,site_analytics
exactag,exactag,site_analytics
exoclick,exoclick,pornvertising
experian,experian_inc,misc
admantx.com,expert_system_spa,advertising
tribal_fusion,exponential_interactive,advertising
eyeota,eyeota,advertising
eyeview,eyeview,advertising
facebook,facebook,advertising
atlas,facebook,advertising
instagram_com,facebook,misc
facebook_cdn,facebook,cdn
fastlylb.net,fastly,cdn
fastpic.ru,fastpic,hosting
mrpdata,fifth_story,site_analytics
fileserve,fileserve,hosting
webedia,fimalac_group,advertising
first_impression,first_impression,advertising
fit_analytics,fit_analytics,site_analytics
flashtalking,flashtalking,advertising
flattr_button,flattr,social_media
flowplayer,flowplayer,advertising
flxone,flxone,advertising
freshdesk,freshdesk,customer_interaction
friendfinder_network,friendfinder_networks,pornvertising
fullstory,fullstory,site_analytics
fyber,fyber,advertising
gemius,gemius_sa,advertising
geotrust,geotrust,essential
getintent,getintent,advertising
get_site_control,getsitecontrol,advertising
gfk,gfk_nurago,advertising
gigya,gigya,site_analytics
github,github,customer_interaction
github_pages,github,hosting
kinja.com,gizmodo,site_analytics
google_analytics,google,site_analytics
doubleclick,google,advertising
google,google,advertising
google_tag_manager,google,essential
gstatic,google,cdn
google_fonts,google,cdn
google_adservices,google,advertising
googleapis.com,google,cdn
google_syndication,google,advertising
youtube,google,audio_video_player
google_users,google,cdn
google_photos,google,cdn
google_custom_search,google,advertising
google_trusted_stores,google,site_analytics
google_appspot,google,hosting
blogspot_com,google,misc
ampproject.org,google,misc
grandslammedia,grand_slam_media,advertising
groupm_server,groupm,advertising
ligatus,gruner_jahr_ag,advertising
gujems,gruner_jahr_ag,advertising
gumgum,gumgum,advertising
visualdna,harris_ia,advertising
st-hatena,hatena_jp,social_media
heap,heap,site_analytics
heatmap,heatmap,advertising
highwinds,highwinds,site_analytics
histats,histats,advertising
hola_player,hola_cdn,audio_video_player
hotjar,hotjar,site_analytics
burda,hubert_burda_media,advertising
hubspot,hubspot,advertising
hurra_tracker,hurra_communications,advertising
hybrid.ai,hybrid_adtech,advertising
contentexchange.me,i.r.v.,site_analytics
digitrust,iab,advertising
iab_consent,iab,essential
tripadvisor,iac_apps,misc
vimeo,iac_apps,audio_video_player
mindspark,iac_apps,site_analytics
smarter_travel,iac_apps,advertising
expedia,iac_apps,misc
iadvize,iadvize,customer_interaction
ibm_customer_experience,ibm,site_analytics
the_weather_company,ibm,advertising
igodigital,igodigital,customer_interaction
forensiq,impact,advertising
impact_radius,impact_radius,essential
improve_digital,improve_digital,advertising
indeed,indeed,advertising
index_exchange_,index_exchange,advertising
infectious_media,infectious_media,advertising
infolinks,infolinks,advertising
infonline,infonline,site_analytics
insider,insider,site_analytics
inspectlet,inspectlet,site_analytics
instart_logic,instart_logic_inc,advertising
revenue_hits,intango,advertising
integral_ad_science,integral_ad_science,advertising
intelliad,intelliad,advertising
intelligent_reach,intelligent_reach,advertising
intent_media,intent_media,advertising
intercom,intercom,customer_interaction
internet_billboard,internet_billboard,advertising
intimate_merger,intimate_merger,site_analytics
iotec,iotec,advertising
iovation,iovation,essential
netletix,ip_de,advertising
iperceptions,iperceptions,customer_interaction
streamrail.com,ironsource,audio_video_player
ixi_digital,ixi_services,advertising
jetlore,jetlore,site_analytics
jivox,jivox,advertising
jquery,js_foundation,cdn
juggcash,juggcash,pornvertising
juicyads,juicyads,pornvertising
just_premium,just_premium,advertising
jw_player,jw_player,audio_video_player
kaltura,kaltura,audio_video_player
kameleoon,kameleoon,site_analytics
i-behavior,kbm_group,advertising
kenshoo,kenshoo,site_analytics
kiosked,kiosked,advertising
komoona,komoona,advertising
kontextr,kontext,advertising
le_monde.fr,le_monde.fr,misc
leadplace,leadplace,site_analytics
lengow,lengow,advertising
lifestreet_media,lifestreet_media,advertising
lockerz_share,lightInthebox,social_media
linkpulse,linkpulse,site_analytics
liquidm_technology_gmbh,liquidm,advertising
livechat,livechat,customer_interaction
livefyre,livefyre,comments
live_intent,liveintent,site_analytics
liveinternet,liveinternet,comments
liveperson,liveperson,customer_interaction
loggly,loggly,site_analytics
lotame,lotame,advertising
m-pathy,m-pathy,advertising
magnetic,magnetic,advertising
mailerlite.com,mailerlite,hosting
marin_search_marketer,marin_software,advertising
marketgid,marketgid_usa,advertising
marketgrid,marketgrid,unknown
marketo,marketo,advertising
markmonitor,markmonitor,advertising
maru-edu,maruedr,customer_interaction
maxmind,maxmind,advertising
maxpoint_interactive,maxpoint_interactive,advertising
kampyle,medallia,site_analytics
media_impact,media_impact,advertising
media_innovation_group,media_innovation_group,advertising
media.net,media.net,advertising
mediamath,mediamath,advertising
estat,mediametrie,site_analytics
mediarithmics.com,mediarithmics,advertising
mediascope,mediascope,site_analytics
embed.ly,medium,site_analytics
meetrics,meetrics,advertising
mail.ru_group,megafon,social_media
vkontakte_widgets,megafon,social_media
mycdn.me,megafon,cdn
vk.com,megafon,social_media
metapeople,metapeople,advertising
metrigo,metrigo,advertising
bing_ads,microsoft,advertising
microsoft,microsoft,misc
linkedin,microsoft,misc
aspnetcdn,microsoft,cdn
msn,microsoft,misc
office365.com,microsoft,misc
bing_maps,microsoft,customer_interaction
azureedge.net,microsoft,cdn
skype,microsoft,customer_interaction
office.com,microsoft,misc
office.net,microsoft,misc
visualstudio.com,microsoft,misc
sharepoint,microsoft,customer_interaction
footprintdns.com,microsoft,unknown
insightexpress,millward_brown,site_analytics
mixpanel,mixpanel,site_analytics
monetate,monetate,site_analytics
monster_advertising,monster_worldwide,advertising
mopinion.com,mopinion,customer_interaction
mouseflow,mouseflow,site_analytics
mediator.media,mycom_bv,site_analytics
myfonts_counter,myfonts,site_analytics
mythings,mythings_,advertising
nanigans,nanigans,advertising
nano_interactive,nano_interactive,advertising
nativo,nativo,advertising
navegg_dmp,navegg,site_analytics
naver.com,naver,misc
pstatic.net,naver,cdn
nekudo.com,nekudo,customer_interaction
neory_,neory,advertising
net-metrix,net-metrix,site_analytics
netmining,netmining,advertising
netseer,netseer,advertising
netsprint_audience,netsprint,site_analytics
aggregate_knowledge,neustar,advertising
neustar_adadvisor,neustar,advertising
new_relic,new_relic,site_analytics
lkqd,nexstar,advertising
next_performance,nextperf,advertising
netratings_sitecensus,nielsen,advertising
exelate,nielsen,advertising
nugg.ad,nugg.ad,advertising
o2.pl,o2.pl,misc
olark,olark,customer_interaction
onesignal,onesignal,essential
adalyser.com,onesoon,site_analytics
onetrust,onetrust,essential
onfocus.io,onfocus,advertising
onthe.io,onthe.io,site_analytics
openx,openx,advertising
optimatic,optimatic,audio_video_player
realperson.de,optimise_it,customer_interaction
optimizely,optimizely,site_analytics
optinmonster,optinmonster,site_analytics
ora.tv,ora.tv,advertising
bluekai,oracle,advertising
addthis,oracle,advertising
moat,oracle,advertising
eloqua,oracle,advertising
oracle_rightnow,oracle,misc
grapeshot,oracle,advertising
maxymiser,oracle,advertising
orange,orange_mobile,advertising
os.tc,os.tc,unknown
outbrain,outbrain,misc
visual_revenue,outbrain,site_analytics
owneriq,owneriq,advertising
owox.com,owox_inc,site_analytics
pagefair,pagefair,customer_interaction
pardot,pardot,site_analytics
parsely,parse.ly,site_analytics
greatviews.de,parship,advertising
paypal,paypal,customer_interaction
peer5.com,peer5,cdn
peerius,peerius,customer_interaction
perfect_audience,perfect_audience,advertising
perfect_market,perfect_market,advertising
perform_group,perform_group,essential
pscp.tv,periscope,social_media
permutive,permutive,advertising
tinypass,piano__previously_tinypass_,essential
pingdom,pingdom,site_analytics
pinterest,pinterest,social_media
pixalate,pixalate,advertising
161media,platform161,site_analytics
playbuzz.com,playbuzz,site_analytics
plista,plista,advertising
polar.me,polar_inc,advertising
popads,popads,advertising
powerlinks,powerlinks,advertising
propeller_ads,propeller_ads,advertising
kairion.de,prosieben_sat1,advertising
pubmatic,pubmatic,advertising
pulsepoint,pulsepoint_ad_exchange,advertising
purch,purch,advertising
push.world,push.world,customer_interaction
pushcrew,pushcrew,customer_interaction
pushwoosh.com,pushwoosh,customer_interaction
qq.com,qq.com,misc
post_affiliate_pro,qualityunit,advertising
qualtrics,qualtrics,site_analytics
quantcast,quantcast,advertising
quantcount,quantcast,site_analytics
quantum_metric,quantum_metric,site_analytics
quisma,quisma,advertising
linksynergy.com,rakuten,advertising
rakuten_display,rakuten,advertising
realytics,realytics,site_analytics
recreativ,recreativ,advertising
reddit,reddit,social_media
reembed.com,reembed,audio_video_player
reevoo.com,reevoo,site_analytics
refined_labs,refined_labs,advertising
research_now,research_now,advertising
revcontent,revcontent,advertising
richrelevance,richrelevance,advertising
scoota,rockabox,advertising
mailchimp,rocket_science_group,advertising
roq.ad,roq.ad,advertising
rtb_house,rtb_house,advertising
spotxchange,rtl_group,advertising
rubicon,rubicon_project,advertising
run,run,advertising
rhythmone_beacon,rythmone,advertising
radiumone,rythmone,advertising
po.st,rythmone,social_media
rythmxchange,rythmone,audio_video_player
sailthru_horizon,sailthru,advertising
salecycle,salecycle,advertising
krux_digital,salesforce,advertising
cquotient.com,salesforce,site_analytics
salesforce_live_agent,salesforce,customer_interaction
salesforce.com,salesforce,site_analytics
samba.tv,samba_tv,advertising
adgear,samsung,advertising
ninja_access_analysis,samurai_factory,site_analytics
sas,sas,site_analytics
schibsted,schibsted_asa,misc
immobilienscout24_de,scout24,misc
autoscout24.com,scout24,misc
seedtag.com,seedtag,advertising
segment,segment,site_analytics
sekindo,sekindo,advertising
semasio,semasio,advertising
sentifi.com,sentifi,site_analytics
sessioncam,sessioncam,site_analytics
sexadnetwork,sexadnetwork,pornvertising
seznam,seznam,site_analytics
shareaholic,shareaholic,advertising
sharethis,sharethis,advertising
sharethrough,sharethrough,advertising
shopify_stats,shopify,advertising
shopifycloud.com,shopify,customer_interaction
shutterstock,shutterstock_inc,misc
sift_science,sift_science,site_analytics
signal,signal_digital,essential
simpli.fi,simpli.fi,advertising
sirdata,sirdata,site_analytics
siteimprove_analytics,siteimprove,site_analytics
siteimprove,siteimprove,site_analytics
sitescout,sitescout,advertising
sizmek,sizmek,advertising
rocket_fuel,sizmek,advertising
skimlinks,skimlinks,advertising
smart_adserver,smart_adserver,advertising
smartclip,smartclip,advertising
smartlook,smartlook,customer_interaction
smartstream.tv,smartstream,advertising
snap_engage,snap_engage,customer_interaction
snigelweb,snigelweb_inc,advertising
snowplow,snowplow,site_analytics
sociomantic,sociomantic_labs_gmbh,advertising
sojern,sojern,advertising
sonobi,sonobi,advertising
sophus3,sophus3,advertising
soundcloud,soundcloud,audio_video_player
sovrn,sovrn,advertising
sovrn_viewability_solutions,sovrn,advertising
sovrn_onetag,sovrn,advertising
smaato,spearhead,advertising
spongecell,spongecell,advertising
spot.im,spot.im,social_media
spoteffect,spoteffect,site_analytics
spots.im,spots.im,unknown
springserve,springserve,advertising
stackadapt,stackadapt,advertising
ixquick.com,startpage,misc
statcounter,statcounter,site_analytics
steelhouse,steelhouse,advertising
adscale,stroer,advertising
mbr_targeting,stroer,advertising
stroer_digital_media,stroer,advertising
seeding_alliance,stroer,advertising
strossle,strossle,advertising
stumbleupon_widgets,stumbleupon,social_media
sublime_skinz,sublime_skinz,advertising
sumome,sumome,site_analytics
sundaysky,sundaysky,advertising
switch_concepts,switch_concepts,advertising
symantec,symantec__norton_secured_seal_,essential
lenua.de,synatix,advertising
taboola,taboola,advertising
tag_commander,tag_commander,essential
tagman,tagman,essential
tail_target,tail.digital,site_analytics
tawk,tawk,customer_interaction
teads,teads,advertising
tealium,tealium,essential
tapad,telenor,advertising
ooyala.com,telstra,audio_video_player
the_adex,the_adex,advertising
batch_media,the_adex,advertising
owa,the_austrian_web_analysis__owa_,site_analytics
the_guardian,the_guardian,misc
nyt.com,the_new_york_times,misc
the_reach_group,the_reach_group,advertising
tradedesk,the_trade_desk,advertising
themoviedb,themoviedb,misc
dynatrace.com,thoma_bravo,site_analytics
threatmetrix,threatmetrix,site_analytics
trackjs,trackjs,site_analytics
tradedoubler,tradedoubler,advertising
tradelab,tradelab,advertising
tradetracker,tradetracker,advertising
traffic_stars,traffic_stars,pornvertising
trafficforce,trafficforce,advertising
traffichaus,traffichaus,pornvertising
trafficjunky,trafficjunky,pornvertising
trbo,trbo,advertising
triplelift,triplelift,advertising
trueanthem,trueanthem,advertising
truste_notice,trustarc,essential
truste_consent,trustarc,essential
trustarc,trustarc,essential
truste_seal,trustarc,essential
trusted_shops,trusted_shops,site_analytics
trustpilot,trustpilot,customer_interaction
programattik,ttnet,advertising
tubemogul,tubemogul,advertising
turn_inc.,turn_inc.,advertising
twiago,twiago,advertising
twitter,twitter,social_media
twitter_for_business,twitter,advertising
twyn,twyn,advertising
cnzz.com,umeng,site_analytics
adstir,united_inc,advertising
united_internet_media_gmbh,united_internet,advertising
unruly_media,unruly,advertising
usabilla,usabilla,customer_interaction
usemax,usemax,advertising
userreport,userreport,customer_interaction
uservoice,uservoice,customer_interaction
optomaton,ve,advertising
ve_interactive,ve_interactive,advertising
vntsm.com,venatus,advertising
yahoo,verizon,site_analytics
adtech,verizon,site_analytics
advertising.com,verizon,advertising
brightroll,verizon,advertising
nexage,verizon,advertising
aol_cdn,verizon,site_analytics
adap.tv,verizon,advertising
alephd.com,verizon,advertising
flickr_badge,verizon,social_media
convertro,verizon,advertising
vidible,verizon,advertising
tumblr_buttons,verizon,social_media
oath_inc,verizon,misc
vg_wort,vg_wort,site_analytics
vi,vi,advertising
vibrant_ads,vibrant_media,advertising
videology,videology,advertising
videoplaza,videoplaza,advertising
viglink,viglink,advertising
vindico_group,vindico_group,advertising
visible_measures,visible_measures,advertising
visual_iq,visualiq,site_analytics
vivalu,vivalu,advertising
dailymotion,vivendi,misc
dailymotion_advertising,vivendi,advertising
vizury,vizury,advertising
weborama,weborama,advertising
webtrekk,webtrekk,site_analytics
webtrends,webtrends,site_analytics
whatbroadcast,whatsbroadcast,customer_interaction
whos.amung.us,whos.amung.us,site_analytics
widespace,widespace,advertising
wikia_cdn,wikia,cdn
wikia-services.com,wikia,misc
visual_website_optimizer,wingify,site_analytics
wistia,wistia,site_analytics
wonderpush,wonderpush,customer_interaction
tns,wpp,site_analytics
wwwpromoter,wwwpromoter,advertising
xing,xing,site_analytics
xplosion,xplosion_interactive,advertising
yandex,yandex,advertising
yandex_adexchange,yandex,advertising
yandex.api,yandex,customer_interaction
yandex_advisor,yandex,extensions
yandex_direct,yandex,site_analytics
yieldbot,yieldbot,site_analytics
yieldify,yieldify,advertising
yieldlab,yieldlab,advertising
yieldlove,yieldlove,advertising
yieldmo,yieldmo,advertising
zebestof.com,zebestof,advertising
zedo,zedo,advertising
zemanta,zemanta,customer_interaction
zencoder,zencoder,audio_video_player
zendesk,zendesk,customer_interaction
zdassets.com,zendesk,misc
zergnet,zergnet,customer_interaction
ziff_davis,ziff_davis,advertising
site24x7,zoho_corp,site_analytics
zopim,zopim,customer_interaction
adomik,,advertising
adality_gmbh,,advertising
t-mobile,,misc
cdnnetwok_xyz,,extensions
xhamster,,pornvertising
eluxer_net,,extensions
worldnaturenet_xyz,,extensions
wikimedia.org,,cdn
zanox,,advertising
createjs,,cdn
pornhub,,pornvertising
m._p._newmedia,,advertising
sevenone_media,,advertising
wywy.com,,advertising
advanced_hosters,,cdn
jsdelivr,,cdn
oms,,advertising
web.de,,misc
stripchat.com,,pornvertising
monotype_gmbh,,cdn
dynamic_1001_gmbh,,misc
zononi.com,,pornvertising
rtl_group,,misc
pizzaandads_com,,unknown
nt.vc,,misc
1und1,,misc
evidon,,essential
cpx.to,,unknown
cdn13.com,,misc
zalando_de,,misc
booking.com,,misc
tvsquared.com,,advertising
userlike.com,,customer_interaction
bahn_de,,misc
schneevonmorgen.com,,audio_video_player
nexeps.com,,advertising
adup-tech.com,,advertising
youporn,,pornvertising
openload,,cdn
congstar.de,,advertising
tisoomi,,advertising
falk_technologies,,misc
rackcdn.com,,cdn
otto.de,,misc
xvideos_com,,misc
dynadmic,,advertising
circit,,site_analytics
highwebmedia.com,,pornvertising
idealo_com,,advertising
fraudlogix,,advertising
etahub.com,,unknown
maxcdn,,cdn
o2online.de,,misc
remintrex,,advertising
foxydeal_com,,extensions
glotgrx.com,,unknown
imgur,,misc
blau.de,,misc
rambler,,misc
channel_pilot_solutions,,site_analytics
traffective,,advertising
sheego.de,,misc
findologic.com,,customer_interaction
emsmobile.de,,misc
easylist_club,,unknown
geniee,,advertising
stailamedia_com,,advertising
wetter_com,,misc
kxcdn.com,,cdn
srvtrck.com,,extensions
xfreeservice.com,,unknown
qubit,,site_analytics
ciuvo.com,,extensions
klarna.com,,customer_interaction
united_digital_group,,advertising
westlotto_com,,misc
atg_group,,advertising
adtriba.com,,site_analytics
freenet_de,,misc
sentry,,site_analytics
icf_technology,,customer_interaction
vorwerk.de,,misc
mov.ad_,,misc
conative.de,,advertising
polyfill.io,,misc
mycliplister.com,,customer_interaction
cloudinary,,cdn
vtracy.de,,unknown
netflix,,misc
eanalyzer.de,,unknown
cdn77,,cdn
ausgezeichnet_org,,customer_interaction
s24_com,,advertising
bangdom.com,,pornvertising
redblue_de,,site_analytics
dtscout.com,,site_analytics
twenga,,advertising
scribblelive,,misc
tremor_video,,audio_video_player
crimsonhexagon_com,,site_analytics
webgains,,misc
steepto.com,,advertising
similardeals.net,,misc
heimspiel,,misc
stayfriends.de,,misc
woopic.com,,misc
adac_de,,misc
generaltracking_de,,unknown
webclicks24_com,,unknown
shopgate.com,,customer_interaction
1822direkt.de,,misc
redtube.com,,cdn
ehi-siegel_de,,customer_interaction
opinary,,customer_interaction
belboon_gmbh,,misc
dimml,,misc
rawgit,,cdn
monotype_imaging,,cdn
bulkhentai.com,,pornvertising
codeonclick.com,,unknown
skadtec.com,,site_analytics
trafficfabrik.com,,pornvertising
glomex.com,,audio_video_player
adnetworkperformance.com,,unknown
teufel.de,,misc
zog.link,,unknown
airbnb,,site_analytics
brandwire.tv,,advertising
adnium.com,,advertising
asambeauty.com,,misc
touchcommerce,,customer_interaction
basilic.io,,site_analytics
dmwd,,misc
adworx.at,,advertising
adpilot,,advertising
dynamic_yield,,misc
sumologic.com,,site_analytics
smartclick.net,,advertising
adc_media,,advertising
brillen.de,,misc
ask.com,,social_media
snacktv,,site_analytics
vicomi.com,,advertising
beachfront,,advertising
trsv3.com,,unknown
octapi.net,,unknown
rtblab,,advertising
mncdn.com,,cdn
voluum,,advertising
mein-bmi.com,,extensions
adtelligence.de,,advertising
stripe.com,,customer_interaction
audiencesquare.com,,advertising
yieldr,,site_analytics
dstillery,,advertising
mathjax.org,,cdn
proxistore.com,,advertising
pusher.com,,site_analytics
findizer.fr,,misc
nerfherdersolo_com,,misc
tubecup.org,,pornvertising
q_division,,advertising
magnuum.com,,unknown
24_7,,customer_interaction
cqq5id8n.com,,unknown
typography.com,,cdn
v12_group,,site_analytics
bongacams.com,,pornvertising
aidata.io,,advertising
yume,,advertising
nosto.com,,site_analytics
vodafone.de,,misc
1dmp.io,,advertising
algovid.com,,unknown
cdn-net.com,,unknown
chaturbate.com,,pornvertising
adtr02.com,,unknown
routenplaner-karten.com,,customer_interaction
sourcepoint,,advertising
sap_xm,,advertising
exoticads.com,,pornvertising
ablida,,advertising
freegeoip_net,,site_analytics
fontawesome_com,,cdn
globalsign,,misc
sexypartners.net,,pornvertising
admeira.ch,,advertising
stepstone.com,,misc
liveadexchanger.com,,unknown
homeaway,,misc
demandbase,,advertising
propvideo_net,,unknown
contentsquare.net,,advertising
oclasrv.com,,unknown
marshadow.io,,advertising
perimeterx.net,,site_analytics
deichmann.com,,advertising
sixt-neuwagen.de,,misc
walmart,,misc
tdsrmbl_net,,misc
wayfair_com,,misc
contentpass,,customer_interaction
esprit.de,,misc
performio,,advertising
s3xified.com,,unknown
zypmedia,,advertising
4finance_com,,customer_interaction
a3cloud_net,,unknown
f11-ads.com,,advertising
maxonclick_com,,unknown
mobtrks.com,,unknown
pushnative.com,,unknown
baur.de,,misc
id-news.net,,advertising
upravel.com,,unknown
fluct,,advertising
adbrain,,advertising
stathat,,site_analytics
xxxlshop.de,,misc
brealtime,,advertising
tchibo_de,,misc
eshopcomp.com,,extensions
davebestdeals.com,,extensions
othersearch.info,,misc
spotscenered.info,,unknown
brightonclick.com,,advertising
ubersetzung-app.com,,extensions
supership,,advertising
overheat.it,,site_analytics
imgix.net,,cdn
shopauskunft.de,,customer_interaction
bumlam.com,,unknown
wirecard,,customer_interaction
cardlytics,,site_analytics
pmddby.com,,extensions
comprigo,,extensions
pnamic.com,,extensions
donationtools,,extensions
bitly,,site_analytics
truoptik,,site_analytics
solads.media,,advertising
doofinder.com,,customer_interaction
opta.net,,customer_interaction
afgr2.com,,pornvertising
marvellous_machine,,advertising
aemediatraffic,,site_analytics
dcbap.com,,extensions
viralgains,,advertising
adswizz,,advertising
storygize,,advertising
realytics.io,,site_analytics
adguard,,extensions
sortable,,advertising
smi2.ru,,advertising
venturead.com,,unknown
petametrics,,customer_interaction
rtbsuperhub.com,,advertising
yahoo_japan,,misc
lentainform.com,,misc
layer-ad.org,,advertising
sstatic.net,,cdn
acpm.fr,,site_analytics
enreach,,site_analytics
ownpage,,customer_interaction
dotmetrics.net,,site_analytics
bitrix,,advertising
sendpulse.com,,pornvertising
onet.pl,,misc
bebi,,advertising
keywee,,site_analytics
bigmir.net,,misc
adbetclickin.pink,,advertising
admachine,,advertising
digioh,,advertising
segmento,,advertising
dropbox.com,,pornvertising
retailrocket.net,,pornvertising
24smi,,misc
giphy.com,,social_media
datamind.ru,,advertising
toplist.cz,,unknown
tovarro.com,,advertising
uptolike.com,,social_media
crosspixel,,advertising
cloud-media.fr,,advertising
gfycat.com,,social_media
flocktory.com,,advertising
lucky_orange,,site_analytics
perfdrive.com,,unknown
wp.pl,,misc
mirtesen.ru,,social_media
audtd.com,,advertising
blueconic.net,,site_analytics
persgroep,,advertising
pluso.ru,,social_media
sanoma.fi,,advertising
beeline.ru,,advertising
ucoz.net,,site_analytics
piguiqproxy.com,,unknown
puserving.com,,unknown
bbci,,hosting
relap,,advertising
velocecdn.com,,unknown
hotdogsandads.com,,unknown
heroku,,hosting
openstat,,site_analytics
ymetrica1.com,,unknown
speedcurve,,site_analytics
combotag,,advertising
olx-st.com,,misc
unpkg.com,,cdn
ipify,,misc
adglare.net,,advertising
advertserve,,advertising
quora.com,,social_media
trafficfactory,,advertising
bouncex,,advertising
qualaroo,,site_analytics
smyte,,site_analytics
spotify,,audio_video_player
kataweb.it,,advertising
otm-r.com,,advertising
caltat.com,,customer_interaction
giraff.io,,advertising
cackle.me,,pornvertising
loadercdn.com,,unknown
i10c.net,,unknown
amgload.net,,unknown
digital_nomads,,advertising
dyncdn.me,,unknown
glganltcs.space,,extensions
datds.net,,extensions
superfastcdn.com,,unknown
notify,,advertising
defpush.com,,unknown
movable_ink,,pornvertising
walkme.com,,customer_interaction
camakaroda.com,,unknown
eperflex,,advertising
ccm_benchmark,,advertising
iubenda.com,,essential
acestream.net,,extensions
flixmedia,,misc
logsss.com,,unknown
ria.ru,,misc
howtank.com,,social_media
hotlog.ru,,site_analytics
tracc.it,,site_analytics
dcmn.com,,advertising
lenmit.com,,unknown
livetex.ru,,pornvertising
spoutable,,advertising
adalliance.io,,advertising
lottex_inc,,unknown
statsy.net,,unknown
adlabs,,advertising
mapbox,,customer_interaction
boudja.com,,unknown
admo.tv,,pornvertising
pvclouds.com,,unknown
stackpathdns.com,,cdn
bluecore,,advertising
pubnub.com,,misc
cookiebot,,essential
userzoom.com,,pornvertising
borrango.com,,unknown
skyscnr.com,,cdn
babator.com,,site_analytics
gamedistribution.com,,misc
kaloo.ga,,advertising
acquia.com,,site_analytics
vooxe.com,,misc
apicit.net,,advertising
travel_audience,,site_analytics
optanaon,,essential
trafmag.com,,advertising
modulepush.com,,advertising
admixer.net,,advertising
deviantart.net,,misc
wix.com,,misc
ad-delivery.net,,unknown
snapchat,,advertising
videoplayerhub.com,,unknown
jivochat,,customer_interaction
ie8eamus.com,,unknown
discord,,customer_interaction
ionicframework.com,,misc
sociaplus.com,,site_analytics
beampulse.com,,advertising
early_birds,,advertising
pageanalytics.space,,unknown
loadsource.org,,unknown
adbetnet.com,,advertising
zukxd6fkxqn.com,,unknown
undercomputer.com,,unknown
popin.cc,,advertising
ispot.tv,,advertising
fout.jp,,advertising
distroscale,,site_analytics
baletingo.com,,unknown
narrative_io,,site_analytics
gettyimages,,misc
microad,,advertising
pub.network,,advertising
hubvisor.io,,advertising
pendo.io,,site_analytics
noop.style,,unknown
prebid,,advertising
datatables,,customer_interaction
algolia.net,,advertising
mediav,,advertising
licensebuttons.net,,cdn
moz,,misc
squarespace.com,,site_analytics
cdnsure.com,,unknown
o12zs3u2n.com,,unknown
joinhoney,,misc
xen-media.com,,unknown
mercado,,site_analytics
vacaneedasap.com,,unknown
canvas,,customer_interaction
smartlink.cool,,unknown
hoholikik.club,,extensions
sina_cdn,,cdn
arcpublishing,,misc
tableteducation.com,,unknown
ivcbrasil.org.br,,site_analytics