tracker,company_id,category,tracker_url
1000mercis,1000mercis,site_analytics,mmtro.com
1plusx,1plusx,site_analytics,opecloud.com
tynt,33across,advertising,tynt.com
33across,33across,advertising,33across.com
ab_tasty,ab_tasty,site_analytics,abtasty.com;d1447tq2m68ekg.cloudfront.net
accengage,accengage,advertising,accengage.net
acint.net,acint,site_analytics,acint.net
active_agent,active_agent,advertising,active-agent.com
kupona,actu_cci,advertising,d31bfnnwekbny6.cloudfront.net;kpcustomer.de;q-sis.de
acuity_ads,acuity_ads,advertising,acuityplatform.com
liveramp,acxiom,advertising,pippio.com;rapleaf.com;rlcdn.com
acxiom,acxiom,site_analytics,acxiomapac.com
adriver,ad_river,advertising,adriver.ru
ad4mat,ad4mat,advertising,ad4mat.ar;ad4mat.at;ad4mat.be;ad4mat.bg;ad4mat.br;ad4mat.ch;ad4mat.co.uk;ad4mat.cz;ad4mat.de;ad4mat.dk;ad4mat.es;ad4mat.fi;ad4mat.fr;ad4mat.gr;ad4mat.hu;ad4mat.it;ad4mat.mx;ad4mat.net;ad4mat.nl;ad4mat.no;ad4mat.pl;ad4mat.ro;ad4mat.ru;ad4mat.se;ad4mat.tr
adara_analytics,adara_analytics,advertising,yieldoptimizer.com
adblade.com,adblade,advertising,adblade.com
adclear,adclear,advertising,adclear.net
adelphic,adelphic,site_analytics,ipredictive.com
adform,adform,advertising,adform.net;adformdsp.net;seadform.net
adfox,adfox,advertising,adfox.ru;adwolf.ru
adgoal,adgoal,advertising,smartadcheck.de;smartredirect.de
adition,adition_technologies_ag,advertising,adition.com
adloox,adloox,advertising,adlooxtracking.com
adglue,admans,advertising,adsafety.net
admedo_com,admedo,advertising,adizio.com;admedo.com
admeta,admeta,advertising,admaym.com;atemda.com
admitad.com,admitad,advertising,admitad.com
adnet.de,adnet.de,advertising,adnet.biz;adnet.de
adobe_audience_manager,adobe,advertising,adobe.com;demdex.net;everestjs.net;everesttech.net
adobe_dynamic_tag_management,adobe,essential,adobedtm.com
omniture__adobe_analytics_,adobe,site_analytics,2o7.net;du8783wkf05yr.cloudfront.net;hitbox.com;imageg.net;omtrdc.net
digital_analytix,adobe,site_analytics,nedstat.com;sitestat.com
typekit_by_adobe,adobe,essential,typekit.com;typekit.net
scene7.com,adobe,advertising,scene7.com
adocean,adocean,advertising,adocean.pl
adotmob.com,adotmob,advertising,adotmob.com
adrecover,adpushup,advertising,adrecover.com
adroll,adroll,advertising,adroll.com
adskeeper,adskeeper,advertising,adskeeper.co.uk
adsnative,adsnative,advertising,adsnative.com
ad_spirit,adspirit,advertising,adspirit.de;adspirit.net
adspyglass,adspyglass,advertising,o333o.com
adtheorent,adtheorant,advertising,adentifi.com
adtiger,adtiger,advertising,adtiger.de
adtrue,adtrue,advertising,adtrue.com
adult_webmaster_empire,adult_webmaster_empire,pornvertising,awempire.com;dditscdn.com;livejasmin.com
adventori,adventori,misc,adventori.com
adverserve,adverserve,advertising,adverserve.net
adverticum,adverticum,advertising,adverticum.net
interyield,advertise.com,advertising,ps7894.com
advolution,advolution,advertising,advolution.de
adwebster,adwebster,advertising,adwebster.com
adxpansion,adxpansion,pornvertising,adxpansion.com
adyoulike,adyoulike,advertising,adyoulike.com;omnitagjs.com
pulpix.com,adyoulike,advertising,pulpix.com
adzerk,adzerk,advertising,adzerk.net
affimax,affimax,advertising,
airpr.com,airpr,site_analytics,airpr.com
akamai_technologies,akamai,cdn,abmr.net;akamai.net;akamaihd.net;akamaized.net;akstat.io;edgekey.net;edgesuite.net
soasta_mpulse,akamai,site_analytics,go-mpulse.net;mpstat.us
akanoo,akanoo,site_analytics,akanoo.com
alexa_metrics,alexa,site_analytics,alexametrics.com;d31qbv1cthcecs.cloudfront.net;d5nxst8fruw4z.cloudfront.net
alibaba.com,alibaba,misc,alibaba.com;alicdn.com
alipay.com,alibaba,customer_interaction,alipay.com
taobao,alibaba,advertising,alipcsec.com
allegro.pl,allegro.pl,misc,allegroimg.com;allegrostatic.com;allegrostatic.pl;ngacm.com;ngastatic.com
amazon_cloudfront,amazon_associates,hosting,cloudfront.net
amazon_associates,amazon_associates,advertising,assoc-amazon.ca;assoc-amazon.co.uk;assoc-amazon.com;assoc-amazon.de;assoc-amazon.fr;assoc-amazon.jp
amazon_web_services,amazon_associates,hosting,amazonaws.com;amazonwebservices.com;awsstatic.com
amazon_payments,amazon_associates,customer_interaction,amazonpay.com;payments-amazon.com
cursecdn.com,amazon_associates,cdn,cursecdn.com
twitch_cdn,amazon_associates,audio_video_player,jtvnw.net;ttvnw.net;twitchcdn.net;twitchsvc.net
twitch.tv,amazon_associates,audio_video_player,twitch.tv
curse.com,amazon_associates,misc,curse.com
media-imdb.com,amazon_associates,cdn,media-imdb.com
amazon_adsystem,amazon_associates,advertising,amazon-adsystem.com
amazon_cdn,amazon_associates,cdn,images-amazon.com;media-amazon.com;ssl-images-amazon.com
amazon,amazon_associates,misc,amazon.ca;amazon.co.jp;amazon.co.uk;amazon.com;amazon.de;amazon.es;amazon.fr;amazon.it;d3io1k5o0zdpqr.cloudfront.net
amplitude,amplitude,site_analytics,amplitude.com;d24n15hnbwhuhn.cloudfront.net
ancestry_cdn,ancestry,cdn,ancestrycdn.com
ancora,ancora,site_analytics,ancoraplatform.com
answers_cloud_service,answers.com,comments,answerscloud.com
foresee,answers.com,site_analytics,foresee.com
kaspersky-labs.com,AO Kaspersky Lab,extensions,kaspersky-labs.com
apa.at,apa,misc,apa.at
apester,apester,advertising,apester.com
commission_junction,apn_news_media,advertising,afcyhf.com;anrdoezrs.net;apmebf.com;awltovhc.com;emjcd.com;ftjcfx.com;lduhtrp.net;qksz.net;tkqlhce.com;tqlkg.com;yceml.net
appdynamics,appdynamics,site_analytics,appdynamics.com;de8of677fyt0b.cloudfront.net;eum-appdynamics.com
apple,apple,advertising,apple.com
appnexus,appnexus,advertising,adnxs.com;adnxs.net
treasuredata,arm,site_analytics,treasuredata.com
artlebedev.ru,art.lebedev_studio,misc,artlebedev.ru
at_internet,at_internet,site_analytics,ati-host.net;aticdn.net;xiti.com
atlassian.net,atlassian,customer_interaction,atl-paas.net;atlassian.com;atlassian.net;d12ramskps3070.cloudfront.net
atlassian_marketplace,atlassian,cdn,d1xfq2052q7thw.cloudfront.net;marketplace.atlassian.com
audience_science,audiencescience,advertising,revsci.net;targetingmarketplace.com;wunderloop.net
auth0,auth0,site_analytics,auth0.com
gravatar,automattic,social_media,gravatar.com
wordpress_stats,automattic,site_analytics,w.org;wordpress.com;wp.com
jetpack,automattic,site_analytics,pixel.wp.com;stats.wp.com
avocet,avocet,misc,avocet.io
affilinet,axel_springer,advertising,banner-rotation.com;webmasterplan.com
contact_impact,axel_springer,advertising,adrolays.de;c-i.as;df-srv.de
digital_window,axel_springer,advertising,dwin1.com
baidu_ads,baidu,advertising,baidu.com;baidustatic.com
baidu_static,baidu,misc,bdimg.com;bdstatic.com
bannerflow.com,bannerflow,advertising,bannerflow.com
bazaarvoice,bazaarvoice,customer_interaction,bazaarvoice.com
bbelements.com,bbelements.com,unknown,bbelements.com
beeswax,beeswax,customer_interaction,bidr.io
bemobile.ua,bemobile,hosting,bemobile.ua
betweendigital.com,between_digital,site_analytics,betweendigital.com
bid.run,bid.run,site_analytics,bid.run
bidswitch,bidswitch,advertising,bidswitch.net;exe.bid
bidtellect,bidtellect,advertising,bttrack.com
bidtheatre,bidtheatre,advertising,bidtheatre.com
rtmark.net,big_wall_vision,advertising,rtmark.net
bloomreach,bloomreach,advertising,brcdn.com;brsrvr.com;brtstats.com
bombora,bombora,site_analytics,ml314.com
bootstrap,bootstrap_cdn,cdn,bootstrapcdn.com
bounce_exchange,bounce_exchange,advertising,bounceexchange.com
branch_metrics,branch_metrics_inc,advertising,app.link;branch.io
braze,braze_inc,site_analytics,appboycdn.com
brightcove,brightcove,audio_video_player,brightcove.com
brightcove_player,brightcove,audio_video_player,brightcove.net
browser_update,browser-update,customer_interaction,browser-update.org
bugsnag,bugsnag,site_analytics,bugsnag.com;d2wy8f7a9ursnm.cloudfront.net
bunchbox,bunchbox,site_analytics,bunchbox.co
buysellads,buysellads.com,advertising,buysellads.com
catchpoint,catchpoint_systems,site_analytics,3gl.net
cnetcontent.com,cbs_interactive,misc,cnetcontent.com
cedexis_radar,cedexis,site_analytics,cedexis-radar.net;cedexis-test.com;cedexis.com;cedexis.fastlylb.net;cedexis.net
certona,certona__resonance_,advertising,certona.net;res-x.com
chartbeat,chartbeat,site_analytics,chartbeat.com;chartbeat.net
chatango,chatango,customer_interaction,chatango.com
clearbit.com,clearbit,site_analytics,clearbit.com
clever_push,clever_push,site_analytics,cleverpush.com
clickonometrics,clickonometrics,advertising,clickonometrics.pl
clicktale,clicktale,site_analytics,cdngc.net;clicktale.net;pantherssl.com
clicktripz,clicktripz,advertising,clicktripz.com
clicky,clicky,site_analytics,getclicky.com;staticstuff.net
onaudience,cloud_technologies,advertising,behavioralengine.com;onaudience.com
cloudflare,cloudflare,cdn,cloudflare.com;cloudflare.net
stickyads,comcast,advertising,stickyadstv.com
freewheel,comcast,audio_video_player,fwmrm.net
scorecard_research_beacon,comscore,advertising,comscore.com;scorecardresearch.com;scoreresearch.com;scrsrch.com;securestudies.com
voicefive,comscore,site_analytics,voicefive.com
comscore,comscore,site_analytics,zqtk.net
connatix.com,connatix,advertising,connatix.com
connexity,connexity,advertising,connexity.net;cxt.ms
connextra,connextra,advertising,connextra.com
content_spread,content_spread,unknown,contentspread.net
content.ad,content.ad,advertising,content.ad
conversant,conversant,advertising,fastclick.net;mediaplex.com;mplxtms.com
dotomi,conversant,advertising,dotomi.com;dtmc.com;dtmpub.com
conviva,conviva,site_analytics,conviva.com
adify,cox_enterpries,advertising,afy11.net
cpmstar,cpmstar,advertising,cpmstar.com
crazy_egg,crazy_egg,site_analytics,cetrk.com;crazyegg.com;dnn506yrbagrg.cloudfront.net
creative_commons,creative_commons_corp,misc,creativecommons.org
crimtan,crimtan,advertising,ctasnet.com;ctnsnet.com;ctpsnet.com
criteo,criteo,advertising,criteo.com;criteo.net
hooklogic,criteo,advertising,hlserve.com
crossengage,crossengage,site_analytics,crossengage.io
cxense,cxense,advertising,cxense.com
platformone,daconsortium,advertising,impact-ad.jp
datadome,datadome,site_analytics,datadome.co
datalogix,datalogix,advertising,nexac.com
dataxu,dataxu,advertising,w55c.net
dc_stormiq,dc_storm,advertising,dc-storm.com;h4k5.com;stormcontainertag.com;stormiq.com
decibel_insight,decibel_insight,site_analytics,decibelinsight.net
delta_projects,delta_projects,advertising,adaction.se;de17a.com
dantrack.net,dentsu_aegis_network,advertising,dantrack.net
merkle_rkg,dentsu_aegis_network,site_analytics,rkdms.com
digidip,digidip,advertising,digidip.net
digilant,digilant,advertising,wtp101.com
digiteka,digiteka,advertising,digiteka.net;ultimedia.com
videoadex.com,digiteka,advertising,videoadex.com
go.com,disney,misc,go.com
espn_cdn,disney,cdn,espncdn.com
disqus,disqus,comments,disqus.com;disquscdn.com
disqus_ads,disqus,advertising,disqusads.com
are_you_a_human,distil_networks,site_analytics,areyouahuman.com
distil_tag,distil_networks,site_analytics,distiltag.com
districtm.io,district_m,advertising,districtm.ca;districtm.io
dailymail.co.uk,dmg_media,misc,dailymail.co.uk
docler,docler_ip,audio_video_player,awecr.com;fwbntw.com
doublepimp,doublepimp,pornvertising,doublepimp.com;doublepimpssl.com;redcourtside.com;xeontopa.com;zerezas.com
doubleverify,doubleverify,advertising,doubleverify.com
drawbridge,drawbridge,advertising,adsymptotic.com
ebay,ebay_partner_network,advertising,classistatic.de;ebay-us.com;ebay.com;ebay.de;ebayclassifiedsgroup.com;ebaycommercenetwork.com;ebaydesc.com;ebayimg.com;ebayrtm.com;ebaystatic.com
econda,econda,site_analytics,econda-monitor.de
crosssell.info,econda,advertising,crosssell.info
effective_measure,effective_measure,advertising,effectivemeasure.net
effiliation,effiliation,advertising,effiliation.com
ekomi,ekomi,comments,ekomi.de
elastic_ad,elastic_ad,advertising,elasticad.net
scarabresearch,emarsys,site_analytics,scarabresearch.com
emetriq,emetriq,advertising,emetriq.de
orc_international,engine_group,advertising,emxdgt.com
ensighten,ensighten,essential,ensighten.com
epoq,epoq,advertising,epoq.de
eroadvertising,ero_advertising,pornvertising,ero-advertising.com;eroadvertising.com
errorception,errorception,site_analytics,d15qhc0lu1ghnk.cloudfront.net;errorception.com
etracker,etracker_gmbh,site_analytics,etracker.com;etracker.de;sedotracker.com
eulerian,eulerian,site_analytics,ew3.io
exactag,exactag,site_analytics,exactag.com
exoclick,exoclick,pornvertising,exdynsrv.com;exoclick.com;exosrv.com
experian,experian_inc,misc,eccmp.com
admantx.com,expert_system_spa,advertising,admantx.com
tribal_fusion,exponential_interactive,advertising,exponential.com;tribalfusion.com
eyeota,eyeota,advertising,eyeota.net
eyeview,eyeview,advertising,eyeviewads.com
facebook,facebook,advertising,facebook.com;facebook.net
atlas,facebook,advertising,adbureau.net;atdmt.com;atlassbx.com
instagram_com,facebook,misc,cdninstagram.com;instagram.com
facebook_cdn,facebook,cdn,fbcdn.net;fbsbx.com
fastlylb.net,fastly,cdn,fastly.net;fastlylb.net
fastpic.ru,fastpic,hosting,fastpic.ru
mrpdata,fifth_story,site_analytics,mrpdata.com;mrpdata.net
fileserve,fileserve,hosting,fileserve.xyz
webedia,fimalac_group,advertising,goutee.top;mediaathay.org.uk
first_impression,first_impression,advertising,firstimpression.io
fit_analytics,fit_analytics,site_analytics,fitanalytics.com
flashtalking,flashtalking,advertising,flashtalking.com
flattr_button,flattr,social_media,flattr.com
flowplayer,flowplayer,advertising,flowplayer.org
flxone,flxone,advertising,flx1.com;flxpxl.com
freshdesk,freshdesk,customer_interaction,d36mpcpuzc4ztk.cloudfront.net;freshdesk.com
friendfinder_network,friendfinder_networks,pornvertising,adultfriendfinder.com;amigos.com;board-books.com;cams.com;facebookofsex.com;getiton.com;nostringsattached.com;pop6.com;streamray.com
fullstory,fullstory,site_analytics,fullstory.com
fyber,fyber,advertising,fyber.com
gemius,gemius_sa,advertising,gemius.pl
geotrust,geotrust,essential,geotrust.com
getintent,getintent,advertising,adhigh.net
get_site_control,getsitecontrol,advertising,getsitecontrol.com
gfk,gfk_nurago,advertising,sensic.net
gigya,gigya,site_analytics,gigya.com
github,github,customer_interaction,github.com;githubusercontent.com
github_pages,github,hosting,github.io
kinja.com,gizmodo,site_analytics,kinja.com
google_analytics,google,site_analytics,google-analytics.com
doubleclick,google,advertising,2mdn.net;doubleclick.net;invitemedia.com
google,google,advertising,google.at;google.be;google.ca;google.ch;google.co.id;google.co.in;google.co.jp;google.co.ma;google.co.th;google.co.uk;google.com;google.com.ar;google.com.au;google.com.br;google.com.mx;google.com.tr;google.com.tw;google.com.ua;google.cz;google.de;google.dk;google.dz;google.es;google.fi;google.fr;google.gr;google.hu;google.ie;google.it;google.nl;google.no;google.pl;google.pt;google.ro;google.rs;google.ru;google.se;google.tn
google_tag_manager,google,essential,googletagmanager.com;googletagservices.com
gstatic,google,cdn,gstatic.com
google_fonts,google,cdn,fonts.googleapis.com
google_adservices,google,advertising,googleadservices.com
googleapis.com,google,cdn,googleapis.com
google_syndication,google,advertising,googlesyndication.com
youtube,google,audio_video_player,googlevideo.com;youtube-nocookie.com;youtube.com;ytimg.com
google_users,google,cdn,googleusercontent.com
google_photos,google,cdn,ggpht.com
google_custom_search,google,advertising,adsensecustomsearchads.com
google_trusted_stores,google,site_analytics,googlecommerce.com
google_appspot,google,hosting,appspot.com
blogspot_com,google,misc,blogblog.com;blogger.com;blogspot.com
ampproject.org,google,misc,ampproject.org
grandslammedia,grand_slam_media,advertising,trw12.com;tuberewards.com
groupm_server,groupm,advertising,gmads.net;grmtech.net
ligatus,gruner_jahr_ag,advertising,content-recommendation.net;ligadx.com;ligatus.com;ligatus.de;veeseo.com
gujems,gruner_jahr_ag,advertising,emsservice.de
gumgum,gumgum,advertising,gumgum.com
visualdna,harris_ia,advertising,vdna-assets.com;visualdna.com
st-hatena,hatena_jp,social_media,hatena.ne.jp;st-hatena.com
heap,heap,site_analytics,d36lvucg9kzous.cloudfront.net;heapanalytics.com
heatmap,heatmap,advertising,heatmap.it
highwinds,highwinds,site_analytics,hwcdn.net
histats,histats,advertising,histats.com
hola_player,hola_cdn,audio_video_player,h-cdn.com
hotjar,hotjar,site_analytics,hotjar.com
burda,hubert_burda_media,advertising,bf-ad.net;bf-tools.net
hubspot,hubspot,advertising,hs-analytics.net;hs-scripts.com;hubspot.com
hurra_tracker,hurra_communications,advertising,hurra.com
hybrid.ai,hybrid_adtech,advertising,hybrid.ai;targetix.net
contentexchange.me,i.r.v.,site_analytics,contentexchange.me
digitrust,iab,advertising,digitru.st
iab_consent,iab,essential,consensu.org
tripadvisor,iac_apps,misc,jscache.com;tacdn.com;tamgrt.com;tripadvisor.co.uk;tripadvisor.com;tripadvisor.de
vimeo,iac_apps,audio_video_player,vimeo.com;vimeocdn.com
mindspark,iac_apps,site_analytics,imgfarm.com;mindspark.com;staticimgfarm.com
smarter_travel,iac_apps,advertising,smartertravel.com;travelsmarter.net
expedia,iac_apps,misc,expedia.com;trvl-px.com
iadvize,iadvize,customer_interaction,iadvize.com
ibm_customer_experience,ibm,site_analytics,cmcore.com;coremetrics.com
the_weather_company,ibm,advertising,w-x.co;weather.com;wfxtriggers.com
igodigital,igodigital,customer_interaction,igodigital.com
forensiq,impact,advertising,fqtag.com;securepaths.com
impact_radius,impact_radius,essential,7eer.net;d3cxv97fi8q177.cloudfront.net;evyy.net;impactradius-event.com;impactradius-tag.com;impactradius.com;ojrq.net;r7ls.net
improve_digital,improve_digital,advertising,360yield.com
indeed,indeed,advertising,indeed.com
index_exchange_,index_exchange,advertising,casalemedia.com;indexww.com
infectious_media,infectious_media,advertising,impdesk.com;impressiondesk.com
infolinks,infolinks,advertising,infolinks.com;intextscript.com
infonline,infonline,site_analytics,ioam.de;iocnt.net;ivwbox.de
insider,insider,site_analytics,useinsider.com
inspectlet,inspectlet,site_analytics,inspectlet.com
instart_logic,instart_logic_inc,advertising,sdad.guru
revenue_hits,intango,advertising,clksite.com;imageshack.host
integral_ad_science,integral_ad_science,advertising,adsafeprotected.com;iasds01.com
intelliad,intelliad,advertising,intelliad.com;intelliad.de
intelligent_reach,intelligent_reach,advertising,ist-track.com
intent_media,intent_media,advertising,intentmedia.net
intercom,intercom,customer_interaction,intercom.io;intercomassets.com;intercomcdn.com
internet_billboard,internet_billboard,advertising,bbelements.com;goadservices.com;ibillboard.com
intimate_merger,intimate_merger,site_analytics,im-apps.net
iotec,iotec,advertising,dsp.io
iovation,iovation,essential,iesnare.com;iovation.com
netletix,ip_de,advertising,netzathleten-media.de
iperceptions,iperceptions,customer_interaction,iperceptions.com
streamrail.com,ironsource,audio_video_player,streamrail.com;streamrail.net
ixi_digital,ixi_services,advertising,ixiaa.com
jetlore,jetlore,site_analytics,jetlore.com
jivox,jivox,advertising,jivox.com
jquery,js_foundation,cdn,cdnjquery.com;jquery.com
juggcash,juggcash,pornvertising,contentabc.com;mofos.com
juicyads,juicyads,pornvertising,juicyads.com
just_premium,just_premium,advertising,justpremium.com;justpremium.nl
jw_player,jw_player,audio_video_player,d21rhj7n383afu.cloudfront.net;jwpcdn.com;jwplatform.com;jwplayer.com;jwpltx.com;jwpsrv.com
kaltura,kaltura,audio_video_player,kaltura.com
kameleoon,kameleoon,site_analytics,kameleoon.com;kameleoon.eu
i-behavior,kbm_group,advertising,ib-ibi.com
kenshoo,kenshoo,site_analytics,xg4ken.com
kiosked,kiosked,advertising,kiosked.com
komoona,komoona,advertising,komoona.com
kontextr,kontext,advertising,ktxtr.com
le_monde.fr,le_monde.fr,misc,lemde.fr
leadplace,leadplace,site_analytics,leadplace.fr
lengow,lengow,advertising,lengow.com
lifestreet_media,lifestreet_media,advertising,lfstmedia.com
lockerz_share,lightInthebox,social_media,addtoany.com
linkpulse,linkpulse,site_analytics,lp4.io
liquidm_technology_gmbh,liquidm,advertising,lqm.io;lqmcdn.com
livechat,livechat,customer_interaction,livechatinc.com;livechatinc.net
livefyre,livefyre,comments,fyre.co;livefyre.com
live_intent,liveintent,site_analytics,liadm.com
liveinternet,liveinternet,comments,yadro.ru
liveperson,liveperson,customer_interaction,liveperson.net;lpsnmedia.net
loggly,loggly,site_analytics,loggly.com
lotame,lotame,advertising,crwdcntrl.net
m-pathy,m-pathy,advertising,m-pathy.com
magnetic,magnetic,advertising,d3ezl4ajpp2zy8.cloudfront.net;domdex.com;domdex.net
mailerlite.com,mailerlite,hosting,mailerlite.com
marin_search_marketer,marin_software,advertising,marinsm.com
marketgid,marketgid_usa,advertising,dt00.net;dt07.net;marketgid.com;mgid.com
marketgrid,marketgrid,unknown,marketgid.com
marketo,marketo,advertising,marketo.com;marketo.net;mktoresp.com
markmonitor,markmonitor,advertising,9c9media.com;caanalytics.com;mmstat.com
maru-edu,maruedr,customer_interaction,edigitalsurvey.com
maxmind,maxmind,advertising,maxmind.com
maxpoint_interactive,maxpoint_interactive,advertising,mxptint.net
kampyle,medallia,site_analytics,kampyle.com
media_impact,media_impact,advertising,mediaimpact.de
media_innovation_group,media_innovation_group,advertising,mookie1.com
media.net,media.net,advertising,media.net
mediamath,mediamath,advertising,mathads.com;mathtag.com
estat,mediametrie,site_analytics,cybermonitor.com;estat.com
mediarithmics.com,mediarithmics,advertising,mediarithmics.com
mediascope,mediascope,site_analytics,tns-counter.ru
embed.ly,medium,site_analytics,embed.ly;embedly.com
meetrics,meetrics,advertising,meetrics.net;mxcdn.net;research.de.com
mail.ru_group,megafon,social_media,imgsmail.ru;mail.ru;mradx.net;odnoklassniki.ru;ok.ru
vkontakte_widgets,megafon,social_media,userapi.com;vk.com;vkontakte.ru
mycdn.me,megafon,cdn,mycdn.me
vk.com,megafon,social_media,cdn-vk.com;vk-analytics.com;vkuservideo.net
metapeople,metapeople,advertising,metalyzer.com;mlsat02.de
metrigo,metrigo,advertising,metrigo.com
bing_ads,microsoft,advertising,bing.com;bing.net
microsoft,microsoft,misc,azurewebsites.net;cloudapp.net;gfx.ms;live.com;microsoft.com;microsoftonline-p.com;microsoftonline.com;microsofttranslator.com;msecnd.net;msedge.net;msocdn.com;onestore.ms;s-microsoft.com;trouter.io;windows.net
linkedin,microsoft,misc,bizo.com;bizographics.com;licdn.com;linkedin.com;lynda.com
aspnetcdn,microsoft,cdn,aspnetcdn.com
msn,microsoft,misc,ads.msn.com;ads1.msn.com;adsyndication.msn.com;bat.r.msn.com;col.stc.s-msn.com;flex.msn.com;msn.com;s-msn.com
office365.com,microsoft,misc,office365.com
bing_maps,microsoft,customer_interaction,virtualearth.net
azureedge.net,microsoft,cdn,azureedge.net
skype,microsoft,customer_interaction,skype.com;skypeassets.com
office.com,microsoft,misc,office.com
office.net,microsoft,misc,office.net
visualstudio.com,microsoft,misc,visualstudio.com
sharepoint,microsoft,customer_interaction,sharepointonline.com
footprintdns.com,microsoft,unknown,footprintdns.com
insightexpress,millward_brown,site_analytics,insightexpressai.com
mixpanel,mixpanel,site_analytics,mixpanel.com;mxpnl.com;mxpnl.net
monetate,monetate,site_analytics,monetate.net
monster_advertising,monster_worldwide,advertising,monster.com
mopinion.com,mopinion,customer_interaction,mopinion.com
mouseflow,mouseflow,site_analytics,mouseflow.com
mediator.media,mycom_bv,site_analytics,mediator.media
myfonts_counter,myfonts,site_analytics,myfonts.net
mythings,mythings_,advertising,mythings.com
nanigans,nanigans,advertising,nanigans.com
nano_interactive,nano_interactive,advertising,audiencemanager.de
nativo,nativo,advertising,ntv.io;postrelease.com
navegg_dmp,navegg,site_analytics,navdmp.com
naver.com,naver,misc,naver.com;naver.net
pstatic.net,naver,cdn,pstatic.net
nekudo.com,nekudo,customer_interaction,nekudo.com
neory_,neory,advertising,ad-srv.net;contentspread.net;neory-tm.com;simptrack.com
net-metrix,net-metrix,site_analytics,wemfbox.ch
netmining,netmining,advertising,netmining.com;netmng.com
netseer,netseer,advertising,netseer.com
netsprint_audience,netsprint,site_analytics,nsaudience.pl
aggregate_knowledge,neustar,advertising,agkn.com
neustar_adadvisor,neustar,advertising,adadvisor.net
new_relic,new_relic,site_analytics,d1ros97qkrwjf5.cloudfront.net;newrelic.com;nr-data.net
lkqd,nexstar,advertising,lkqd.net
next_performance,nextperf,advertising,nxtck.com
netratings_sitecensus,nielsen,advertising,glanceguide.com;imrworldwide.com;vizu.com
exelate,nielsen,advertising,exelator.com
nugg.ad,nugg.ad,advertising,nuggad.net
o2.pl,o2.pl,misc,o2.pl
olark,olark,customer_interaction,olark.com
onesignal,onesignal,essential,onesignal.com;os.tc
adalyser.com,onesoon,site_analytics,adalyser.com
onetrust,onetrust,essential,onetrust.com
onfocus.io,onfocus,advertising,fogl1onf.com;onfocus.io
onthe.io,onthe.io,site_analytics,onthe.io
openx,openx,advertising,odnxs.net;openx.net;openx.org;openxenterprise.com;servedbyopenx.com
optimatic,optimatic,audio_video_player,optimatic.com
realperson.de,optimise_it,customer_interaction,realperson.de
optimizely,optimizely,site_analytics,optimizely.com
optinmonster,optinmonster,site_analytics,mstrlytcs.com;optmnstr.com;optmstr.com;optnmstr.com
ora.tv,ora.tv,advertising,ora.tv
bluekai,oracle,advertising,bkrtx.com;bluekai.com
addthis,oracle,advertising,addthis.com;addthiscdn.com;addthisedge.com
moat,oracle,advertising,moatads.com;moatpixel.com
eloqua,oracle,advertising,eloqua.com;en25.com
oracle_rightnow,oracle,misc,rightnowtech.com;rnengage.com
grapeshot,oracle,advertising,grapeshot.co.uk;gscontxt.net
maxymiser,oracle,advertising,maxymiser.net
orange,orange_mobile,advertising,orange.fr;orangeads.fr
os.tc,os.tc,unknown,os.tc
outbrain,outbrain,misc,outbrain.com;outbrainimg.com
visual_revenue,outbrain,site_analytics,visualrevenue.com
owneriq,owneriq,advertising,owneriq.net
owox.com,owox_inc,site_analytics,owox.com
pagefair,pagefair,customer_interaction,blockmetrics.com;pagefair.com;pagefair.net
pardot,pardot,site_analytics,pardot.com
parsely,parse.ly,site_analytics,d1z2jf7jlzjs58.cloudfront.net;parsely.com
greatviews.de,parship,advertising,greatviews.de
paypal,paypal,customer_interaction,paypal.com;paypalobjects.com
peer5.com,peer5,cdn,peer5.com
peerius,peerius,customer_interaction,peerius.com
perfect_audience,perfect_audience,advertising,perfectaudience.com;prfct.co
perfect_market,perfect_market,advertising,perfectmarket.com
perform_group,perform_group,essential,performgroup.com
pscp.tv,periscope,social_media,pscp.tv
permutive,permutive,advertising,permutive.com
tinypass,piano__previously_tinypass_,essential,npttech.com;tinypass.com
pingdom,pingdom,site_analytics,pingdom.net
pinterest,pinterest,social_media,pinimg.com;pinterest.com
pixalate,pixalate,advertising,adrta.com
161media,platform161,site_analytics,creative-serving.com
playbuzz.com,playbuzz,site_analytics,playbuzz.com
plista,plista,advertising,plista.com
polar.me,polar_inc,advertising,mediavoice.com
popads,popads,advertising,popads.net;popadscdn.net
powerlinks,powerlinks,advertising,powerlinks.com
propeller_ads,propeller_ads,advertising,oclaserver.com;onclasrv.com;onclickads.net;onclkds.com;propellerads.com;propellerpops.com
kairion.de,prosieben_sat1,advertising,kairion.de;kctag.net
pubmatic,pubmatic,advertising,pubmatic.com
pulsepoint,pulsepoint_ad_exchange,advertising,contextweb.com;pulsepoint.com
purch,purch,advertising,purch.com;servebom.com
push.world,push.world,customer_interaction,push.world
pushcrew,pushcrew,customer_interaction,pushcrew.com
pushwoosh.com,pushwoosh,customer_interaction,pushwoosh.com
qq.com,qq.com,misc,qq.com
post_affiliate_pro,qualityunit,advertising,postaffiliatepro.com
qualtrics,qualtrics,site_analytics,qualtrics.com
quantcast,quantcast,advertising,quantcast.com;quantserve.com
quantcount,quantcast,site_analytics,quantcount.com
quantum_metric,quantum_metric,site_analytics,quantummetric.com
quisma,quisma,advertising,qservz.com;quisma.com
linksynergy.com,rakuten,advertising,linksynergy.com
rakuten_display,rakuten,advertising,mediaforge.com;rmtag.com
realytics,realytics,site_analytics,dcniko1cv0rz.cloudfront.net
recreativ,recreativ,advertising,recreativ.ru
reddit,reddit,social_media,redd.it;reddit-image.s3.amazonaws.com;reddit.com;redditmedia.com;redditstatic.com
reembed.com,reembed,audio_video_player,reembed.com
reevoo.com,reevoo,site_analytics,reevoo.com
refined_labs,refined_labs,advertising,refinedads.com
research_now,research_now,advertising,researchnow.com
revcontent,revcontent,advertising,revcontent.com
richrelevance,richrelevance,advertising,ics0.com;richrelevance.com
scoota,rockabox,advertising,rockabox.co
mailchimp,rocket_science_group,advertising,chimpstatic.com;list-manage.com;mailchimp.com
roq.ad,roq.ad,advertising,rqtrk.eu
rtb_house,rtb_house,advertising,creativecdn.com
spotxchange,rtl_group,advertising,spotx.tv;spotxcdn.com;spotxchange.com
rubicon,rubicon_project,advertising,dpclk.com;mobsmith.com;nearbyad.com;rubiconproject.com
run,run,advertising,runadtag.com;rundsp.com
rhythmone_beacon,rythmone,advertising,1rx.io
radiumone,rythmone,advertising,gwallet.com;r1-cdn.net
po.st,rythmone,social_media,po.st
rythmxchange,rythmone,audio_video_player,rhythmxchange.com
sailthru_horizon,sailthru,advertising,sail-horizon.com;sail-personalize.com;sailthru.com
salecycle,salecycle,advertising,d16fk4ms6rqz1v.cloudfront.net;salecycle.com
krux_digital,salesforce,advertising,krxd.net
cquotient.com,salesforce,site_analytics,cquotient.com
salesforce_live_agent,salesforce,customer_interaction,liveagentforsalesforce.com;salesforceliveagent.com
salesforce.com,salesforce,site_analytics,force.com;salesforce.com
samba.tv,samba_tv,advertising,samba.tv
adgear,samsung,advertising,adgear.com;adgrx.com
ninja_access_analysis,samurai_factory,site_analytics,cho-chin.com;donburako.com;hishaku.com;shinobi.jp
sas,sas,site_analytics,aimatch.com;sas.com
schibsted,schibsted_asa,misc,schibsted.com;schibsted.io
immobilienscout24_de,scout24,misc,immobilienscout24.de;static-immobilienscout24.de
autoscout24.com,scout24,misc,autoscout24.com;autoscout24.net
seedtag.com,seedtag,advertising,seedtag.com
segment,segment,site_analytics,d2dq2ahtl5zl1z.cloudfront.net;d47xnnr8b1rki.cloudfront.net;segment.com;segment.io
sekindo,sekindo,advertising,sekindo.com
semasio,semasio,advertising,semasio.net
sentifi.com,sentifi,site_analytics,sentifi.com
sessioncam,sessioncam,site_analytics,d2oh4tlt9mrke9.cloudfront.net;sessioncam.com
sexadnetwork,sexadnetwork,pornvertising,sexad.net
seznam,seznam,site_analytics,imedia.cz;szn.cz
shareaholic,shareaholic,advertising,dtym7iokkjlif.cloudfront.net;shareaholic.com
sharethis,sharethis,advertising,sharethis.com
sharethrough,sharethrough,advertising,shareth.ru;sharethrough.com
shopify_stats,shopify,advertising,shopify.com
shopifycloud.com,shopify,customer_interaction,shopifycloud.com
shutterstock,shutterstock_inc,misc,shutterstock.com
sift_science,sift_science,site_analytics,dtlilztwypawv.cloudfront.net;siftscience.com
signal,signal_digital,essential,btstatic.com;signal.co;thebrighttag.com
simpli.fi,simpli.fi,advertising,simpli.fi
sirdata,sirdata,site_analytics,sddan.com
siteimprove_analytics,siteimprove,site_analytics,siteimproveanalytics.com
siteimprove,siteimprove,site_analytics,siteimprove.com
sitescout,sitescout,advertising,sitescout.com
sizmek,sizmek,advertising,serving-sys.com
rocket_fuel,sizmek,advertising,rfihub.com;rfihub.net;ru4.com;xplusone.com
skimlinks,skimlinks,advertising,redirectingat.com;skimlinks.com;skimresources.com
smart_adserver,smart_adserver,advertising,sascdn.com;smartadserver.com;styria-digital.com;yoc-adserver.com
smartclip,smartclip,advertising,smartclip.net
smartlook,smartlook,customer_interaction,getsmartlook.com;smartlook.com
smartstream.tv,smartstream,advertising,smartstream.tv
snap_engage,snap_engage,customer_interaction,snapengage.com
snigelweb,snigelweb_inc,advertising,h-bid.com
snowplow,snowplow,site_analytics,d346whrrklhco7.cloudfront.net;d78fikflryjgj.cloudfront.net;dc8xl0ndzn2cb.cloudfront.net;playwire.com;snplow.net
sociomantic,sociomantic_labs_gmbh,advertising,sociomantic.com
sojern,sojern,advertising,sojern.com
sonobi,sonobi,advertising,sonobi.com
sophus3,sophus3,advertising,sophus3.com
soundcloud,soundcloud,audio_video_player,sndcdn.com;soundcloud.com
sovrn,sovrn,advertising,d3pkae9owd2lcf.cloudfront.net;lijit.com
sovrn_viewability_solutions,sovrn,advertising,onscroll.com
sovrn_onetag,sovrn,advertising,s-onetag.com
smaato,spearhead,advertising,smaato.net
spongecell,spongecell,advertising,spongecell.com
spot.im,spot.im,social_media,spot.im
spoteffect,spoteffect,site_analytics,spoteffects.net
spots.im,spots.im,unknown,spots.im
springserve,springserve,advertising,springserve.com
stackadapt,stackadapt,advertising,stackadapt.com
ixquick.com,startpage,misc,ixquick.com
statcounter,statcounter,site_analytics,statcounter.com
steelhouse,steelhouse,advertising,steelhousemedia.com
adscale,stroer,advertising,adscale.de
mbr_targeting,stroer,advertising,m6r.eu
stroer_digital_media,stroer,advertising,interactivemedia.net;stroeerdigitalgroup.de;stroeerdigitalmedia.de;stroeerdp.de;stroeermediabrands.de
seeding_alliance,stroer,advertising,nativendo.de
strossle,strossle,advertising,sprinklecontent.com;strossle.it
stumbleupon_widgets,stumbleupon,social_media,stumble-upon.com;stumbleupon.com;su.pr
sublime_skinz,sublime_skinz,advertising,ayads.co
sumome,sumome,site_analytics,sumo.com;sumome.com
sundaysky,sundaysky,advertising,sundaysky.com
switch_concepts,switch_concepts,advertising,myswitchads.com;switchadhub.com;switchads.com;switchafrica.com
symantec,symantec__norton_secured_seal_,essential,norton.com;symantec.com;thawte.com;verisign.com
lenua.de,synatix,advertising,lenua.de
taboola,taboola,advertising,basebanner.com;taboola.com;taboolasyndication.com
tag_commander,tag_commander,essential,commander1.com;tagcommander.com
tagman,tagman,essential,levexis.com
tail_target,tail.digital,site_analytics,tailtarget.com
tawk,tawk,customer_interaction,tawk.to
teads,teads,advertising,teads.tv
tealium,tealium,essential,llnwd.net;tealium.com;tealiumiq.com;tiqcdn.com
tapad,telenor,advertising,tapad.com
ooyala.com,telstra,audio_video_player,ooyala.com
the_adex,the_adex,advertising,theadex.com
batch_media,the_adex,advertising,t4ft.de
owa,the_austrian_web_analysis__owa_,site_analytics,oewabox.at
the_guardian,the_guardian,misc,guim.co.uk
nyt.com,the_new_york_times,misc,nyt.com
the_reach_group,the_reach_group,advertising,deepthought.online;reachgroup.com;redintelligence.net
tradedesk,the_trade_desk,advertising,adsrvr.org
themoviedb,themoviedb,misc,tmdb.org
dynatrace.com,thoma_bravo,site_analytics,dynatrace.com
threatmetrix,threatmetrix,site_analytics,online-metrix.net
trackjs,trackjs,site_analytics,d2zah9y47r7bi2.cloudfront.net;dl1d2m8ri9v3j.cloudfront.net;trackjs.com
tradedoubler,tradedoubler,advertising,tradedoubler.com
tradelab,tradelab,advertising,tradelab.fr
tradetracker,tradetracker,advertising,tradetracker.net
traffic_stars,traffic_stars,pornvertising,trafficstars.com;tsyndicate.com
trafficforce,trafficforce,advertising,trafficforce.com
traffichaus,traffichaus,pornvertising,traffichaus.com
trafficjunky,trafficjunky,pornvertising,trafficjunky.net
trbo,trbo,advertising,trbo.com
triplelift,triplelift,advertising,3lift.com;d3iwjrnl4m67rd.cloudfront.net;triplelift.com
trueanthem,trueanthem,advertising,tru.am
truste_notice,trustarc,essential,choices-or.truste.com;choices.truste.com
truste_consent,trustarc,essential,consent.truste.com
trustarc,trustarc,essential,trustarc.com;truste.com
truste_seal,trustarc,essential,privacy-policy.truste.com
trusted_shops,trusted_shops,site_analytics,trustedshops.com
trustpilot,trustpilot,customer_interaction,trustpilot.com
programattik,ttnet,advertising,programattik.com
tubemogul,tubemogul,advertising,tubemogul.com
turn_inc.,turn_inc.,advertising,turn.com
twiago,twiago,advertising,twiago.com
twitter,twitter,social_media,ads-twitter.com;t.co;twimg.com;twitter.com
twitter_for_business,twitter,advertising,tellapart.com
twyn,twyn,advertising,twyn.com
cnzz.com,umeng,site_analytics,cnzz.com;umeng.com
adstir,united_inc,advertising,ad-stir.com
united_internet_media_gmbh,united_internet,advertising,tifbs.net;ui-portal.de;uimserv.net
unruly_media,unruly,advertising,unrulymedia.com
usabilla,usabilla,customer_interaction,usabilla.com
usemax,usemax,advertising,usemax.de;usemaxserver.de
userreport,userreport,customer_interaction,userreport.com
uservoice,uservoice,customer_interaction,uservoice.com
optomaton,ve,advertising,volvelle.tech
ve_interactive,ve_interactive,advertising,veinteractive.com
vntsm.com,venatus,advertising,vntsm.com
yahoo,verizon,site_analytics,interclick.com;tumblr.com;yahoo.com;yahooapis.com;yimg.com
adtech,verizon,site_analytics,adtech.de;adtechus.com
advertising.com,verizon,advertising,adsdk.com;advertising.com;aol.com;atwola.com;pictela.net
brightroll,verizon,advertising,btrll.com
nexage,verizon,advertising,nexage.com
aol_cdn,verizon,site_analytics,aolcdn.com
adap.tv,verizon,advertising,adap.tv
alephd.com,verizon,advertising,alephd.com
flickr_badge,verizon,social_media,flickr.com;staticflickr.com
convertro,verizon,advertising,convertro.com;d1ivexoxmp59q7.cloudfront.net
vidible,verizon,advertising,vidible.tv
tumblr_buttons,verizon,social_media,platform.tumblr.com
oath_inc,verizon,misc,oath.com
vg_wort,vg_wort,site_analytics,vgwort.de
vi,vi,advertising,digitaltarget.ru
vibrant_ads,vibrant_media,advertising,intellitxt.com
videology,videology,advertising,tidaltv.com
videoplaza,videoplaza,advertising,videoplaza.tv
viglink,viglink,advertising,viglink.com
vindico_group,vindico_group,advertising,vindicosuite.com
visible_measures,visible_measures,advertising,viewablemedia.net;visiblemeasures.com
visual_iq,visualiq,site_analytics,myvisualiq.net
vivalu,vivalu,advertising,vi-tag.net
dailymotion,vivendi,misc,dailymotion.com;dailymotionbus.com;dm-event.net;dmcdn.net
dailymotion_advertising,vivendi,advertising,dmxleo.com
vizury,vizury,advertising,vizury.com
weborama,weborama,advertising,adrcdn.com;adrcntr.com;weborama.com;weborama.fr
webtrekk,webtrekk,site_analytics,d1r27qvpjiaqj3.cloudfront.net;mateti.net;wbtrk.net;wcfbc.net;webtrekk-asia.net;webtrekk.com;webtrekk.net;wt-eu02.net;wt-safetag.com
webtrends,webtrends,site_analytics,webtrends.com;webtrendslive.com
whatbroadcast,whatsbroadcast,customer_interaction,whatsbroadcast.com
whos.amung.us,whos.amung.us,site_analytics,amung.us
widespace,widespace,advertising,widespace.com
wikia_cdn,wikia,cdn,nocookie.net
wikia-services.com,wikia,misc,wikia-services.com
visual_website_optimizer,wingify,site_analytics,d5phz18u4wuww.cloudfront.net;visualwebsiteoptimizer.com;wingify.com
wistia,wistia,site_analytics,wistia.com;wistia.net
wonderpush,wonderpush,customer_interaction,wonderpush.com
tns,wpp,site_analytics,research-int.se;sesamestats.com;spring-tns.net;statistik-gallup.net;tns-cs.net;tns-gallup.dk
wwwpromoter,wwwpromoter,advertising,wwwpromoter.com
xing,xing,site_analytics,xing-share.com;xing.com
xplosion,xplosion_interactive,advertising,xplosion.de
yandex,yandex,advertising,d31j93rd8oukbv.cloudfront.net;yandex.net;yandex.ru;yastatic.net
yandex_adexchange,yandex,advertising,yandexadexchange.net
yandex.api,yandex,customer_interaction,yandex.st
yandex_advisor,yandex,extensions,metabar.ru
yandex_direct,yandex,site_analytics,webvisor.org
yieldbot,yieldbot,site_analytics,yldbt.com
yieldify,yieldify,advertising,yieldify.com
yieldlab,yieldlab,advertising,yieldlab.net
yieldlove,yieldlove,advertising,yieldlove-ad-serving.net;yieldlove.com
yieldmo,yieldmo,advertising,yieldmo.com
zebestof.com,zebestof,advertising,zebestof.com
zedo,zedo,advertising,zedo.com
zemanta,zemanta,customer_interaction,zemanta.com
zencoder,zencoder,audio_video_player,zencdn.net
zendesk,zendesk,customer_interaction,zendesk.com
zdassets.com,zendesk,misc,zdassets.com
zergnet,zergnet,customer_interaction,zergnet.com
ziff_davis,ziff_davis,advertising,webtest.net;zdbb.net;ziffdavis.com;ziffdavisinternational.com;ziffprod.com;ziffstatic.com
site24x7,zoho_corp,site_analytics,site24x7rum.com;site24x7rum.eu
zopim,zopim,customer_interaction,zopim.com
adomik,,advertising,adomik.com
adality_gmbh,,advertising,adrtx.net
t-mobile,,misc,sdp-campaign.de;t-online.de;telekom-dienste.de;telekom.com;telekom.de;toi.de
cdnnetwok_xyz,,extensions,cdnnetwok.xyz
xhamster,,pornvertising,xhamster.com;xhamsterlive.com;xhcdn.com
eluxer_net,,extensions,eluxer.net
worldnaturenet_xyz,,extensions,worldnaturenet.xyz
wikimedia.org,,cdn,wikimedia.org;wikipedia.org;wikiquote.org
zanox,,advertising,zanox-affiliate.de;zanox.com;zanox.ws
createjs,,cdn,createjs.com
pornhub,,pornvertising,phncdn.com;pornhub.com
m._p._newmedia,,advertising,mpnrs.com
sevenone_media,,advertising,71i.de
wywy.com,,advertising,wywy.com;wywyuserservice.com
advanced_hosters,,cdn,ahcdn.com;pix-cdn.org
jsdelivr,,cdn,jsdelivr.net
oms,,advertising,oms.eu;omsnative.de
web.de,,misc,web.de;webde.de
stripchat.com,,pornvertising,stripcdn.com;stripchat.com
monotype_gmbh,,cdn,fonts.net
dynamic_1001_gmbh,,misc,dyntracker.de;media01.eu
zononi.com,,pornvertising,zononi.com
rtl_group,,misc,rtl.de;static-fra.de;technical-service.net
pizzaandads_com,,unknown,pizzaandads.com
nt.vc,,misc,nt.vc
1und1,,misc,1and1.com;1und1.de;uicdn.com;website-start.de
evidon,,essential,betrad.com;evidon.com
cpx.to,,unknown,cpx.to
cdn13.com,,misc,cdn13.com
zalando_de,,misc,zalan.do;zalando.de;ztat.net
booking.com,,misc,booking.com;bstatic.com
tvsquared.com,,advertising,tvsquared.com
userlike.com,,customer_interaction,dq4irj27fs462.cloudfront.net;userlike-cdn-widgets.s3-eu-west-1.amazonaws.com;userlike.com
bahn_de,,misc,bahn.de;img-bahn.de
schneevonmorgen.com,,audio_video_player,schneevonmorgen.com;svonm.com
nexeps.com,,advertising,nexeps.com
adup-tech.com,,advertising,adup-tech.com
youporn,,pornvertising,youporn.com;ypncdn.com
openload,,cdn,oloadcdn.net;openload.co
congstar.de,,advertising,congstar.de
tisoomi,,advertising,tisoomi-services.com
falk_technologies,,misc,angsrvr.com
rackcdn.com,,cdn,rackcdn.com
otto.de,,misc,otto.de
xvideos_com,,misc,xvideos-cdn.com;xvideos.com
dynadmic,,advertising,dyntrk.com
circit,,site_analytics,iqcontentplatform.de
highwebmedia.com,,pornvertising,highwebmedia.com
idealo_com,,advertising,idealo.com
fraudlogix,,advertising,yabidos.com
etahub.com,,unknown,etahub.com
maxcdn,,cdn,maxcdn.com;netdna-cdn.com;netdna-ssl.com
o2online.de,,misc,o2online.de
remintrex,,advertising,remintrex.com
foxydeal_com,,extensions,foxydeal.com
glotgrx.com,,unknown,glotgrx.com
imgur,,misc,imgur.com
blau.de,,misc,blau.de
rambler,,misc,rambler.ru;rnet.plus;top100.ru
channel_pilot_solutions,,site_analytics,cptrack.de
traffective,,advertising,cdntrf.com;traffective.com
sheego.de,,misc,sheego.de
findologic.com,,customer_interaction,findologic.com
emsmobile.de,,misc,emsmobile.de
easylist_club,,unknown,easylist.club
geniee,,advertising,gssprt.jp
stailamedia_com,,advertising,stailamedia.com
wetter_com,,misc,wetter.com;wettercomassets.com
kxcdn.com,,cdn,kxcdn.com
srvtrck.com,,extensions,srvtrck.com
xfreeservice.com,,unknown,xfreeservice.com
qubit,,site_analytics,d3c3cq33003psk.cloudfront.net;qubit.com
ciuvo.com,,extensions,ciuvo.com
klarna.com,,customer_interaction,klarna.com
united_digital_group,,advertising,nonstoppartner.net
westlotto_com,,misc,westlotto.com
atg_group,,advertising,oadts.com
adtriba.com,,site_analytics,adtriba.com
freenet_de,,misc,freenet.de;freent.de
sentry,,site_analytics,ravenjs.com;sentry.io
icf_technology,,customer_interaction,nsimg.net
vorwerk.de,,misc,vorwerk.de
mov.ad_,,misc,movad.de;movad.net
conative.de,,advertising,conative.de
polyfill.io,,misc,polyfill.io
mycliplister.com,,customer_interaction,mycliplister.com
cloudinary,,cdn,cloudinary.com
vtracy.de,,unknown,vtracy.de
netflix,,misc,netflix.com;nflxext.com;nflximg.net;nflxso.net
eanalyzer.de,,unknown,eanalyzer.de
cdn77,,cdn,cdn77.com;cdn77.org
ausgezeichnet_org,,customer_interaction,ausgezeichnet.org
s24_com,,advertising,s24.com
bangdom.com,,pornvertising,bangdom.com
redblue_de,,site_analytics,redblue.de
dtscout.com,,site_analytics,dtscout.com
twenga,,advertising,c4tw.net
scribblelive,,misc,scribblelive.com
tremor_video,,audio_video_player,tremorhub.com;tremorvideo.com;videohub.tv
crimsonhexagon_com,,site_analytics,crimsonhexagon.com;hexagon-analytics.com
webgains,,misc,webgains.com
steepto.com,,advertising,steepto.com
similardeals.net,,misc,similardeals.net
heimspiel,,misc,weltsport.net
stayfriends.de,,misc,stayfriends.de
woopic.com,,misc,woopic.com
adac_de,,misc,adac.de
generaltracking_de,,unknown,generaltracking.de
webclicks24_com,,unknown,webclicks24.com
shopgate.com,,customer_interaction,shopgate.com
1822direkt.de,,misc,1822direkt.de
redtube.com,,cdn,rdtcdn.com;redtube.com
ehi-siegel_de,,customer_interaction,ehi-siegel.de
opinary,,customer_interaction,opinary.com
belboon_gmbh,,misc,belboon.de
dimml,,misc,dimml.io
rawgit,,cdn,rawgit.com
monotype_imaging,,cdn,fonts.com
bulkhentai.com,,pornvertising,bulkhentai.com
codeonclick.com,,unknown,codeonclick.com
skadtec.com,,site_analytics,skadtec.com
trafficfabrik.com,,pornvertising,trafficfabrik.com
glomex.com,,audio_video_player,glomex.cloud;glomex.com
adnetworkperformance.com,,unknown,adnetworkperformance.com
teufel.de,,misc,teufel.de
zog.link,,unknown,zog.link
airbnb,,site_analytics,muscache.com;musthird.com
brandwire.tv,,advertising,brandwire.tv
adnium.com,,advertising,adnium.com
asambeauty.com,,misc,asambeauty.com
touchcommerce,,customer_interaction,inq.com
basilic.io,,site_analytics,basilic.io
dmwd,,misc,
adworx.at,,advertising,adworx.at
adpilot,,advertising,adpilot.at;erne.co
dynamic_yield,,misc,dynamicyield.com
sumologic.com,,site_analytics,sumologic.com
smartclick.net,,advertising,smartclick.net
adc_media,,advertising,adc-serv.net;adc-srv.net
brillen.de,,misc,brillen.de
ask.com,,social_media,ask.com
snacktv,,site_analytics,
vicomi.com,,advertising,vicomi.com
beachfront,,advertising,bfmio.com
trsv3.com,,unknown,trsv3.com
octapi.net,,unknown,octapi.net
rtblab,,advertising,rvty.net
mncdn.com,,cdn,mncdn.com
voluum,,advertising,cwkuki.com;voluumtrk3.com
mein-bmi.com,,extensions,mein-bmi.com
adtelligence.de,,advertising,adtelligence.de
stripe.com,,customer_interaction,stripe.com;stripe.network
audiencesquare.com,,advertising,audiencesquare.com
yieldr,,site_analytics,254a.com
dstillery,,advertising,media6degrees.com
mathjax.org,,cdn,mathjax.org
proxistore.com,,advertising,proxistore.com
pusher.com,,site_analytics,pusher.com;pusherapp.com
findizer.fr,,misc,findizer.fr
nerfherdersolo_com,,misc,nerfherdersolo.com
tubecup.org,,pornvertising,tubecup.org
q_division,,advertising,q-divisioncdn.de
magnuum.com,,unknown,magnuum.com
24_7,,customer_interaction,247-inc.net;d1af033869koo7.cloudfront.net
cqq5id8n.com,,unknown,cqq5id8n.com
typography.com,,cdn,typography.com
v12_group,,site_analytics,v12group.com
bongacams.com,,pornvertising,bongacams.com
aidata.io,,advertising,aidata.io
yume,,advertising,yume.com
nosto.com,,site_analytics,nosto.com
vodafone.de,,misc,vodafone.de
1dmp.io,,advertising,1dmp.io
algovid.com,,unknown,algovid.com
cdn-net.com,,unknown,cdn-net.com
chaturbate.com,,pornvertising,chaturbate.com
adtr02.com,,unknown,
routenplaner-karten.com,,customer_interaction,routenplaner-karten.com
sourcepoint,,advertising,decenthat.com;summerhamster.com
sap_xm,,advertising,sap-xm.org
exoticads.com,,pornvertising,exoticads.com
ablida,,advertising,ablida.de;ablida.net
freegeoip_net,,site_analytics,freegeoip.net
fontawesome_com,,cdn,fontawesome.com
globalsign,,misc,globalsign.com
sexypartners.net,,pornvertising,sexypartners.net
admeira.ch,,advertising,admeira.ch
stepstone.com,,misc,stepstone.com
liveadexchanger.com,,unknown,liveadexchanger.com
homeaway,,misc,homeaway.com
demandbase,,advertising,company-target.com;demandbase.com
propvideo_net,,unknown,propvideo.net
contentsquare.net,,advertising,contentsquare.net
oclasrv.com,,unknown,oclasrv.com
marshadow.io,,advertising,marshadow.io
perimeterx.net,,site_analytics,perimeterx.net
deichmann.com,,advertising,
sixt-neuwagen.de,,misc,sixt-neuwagen.de
walmart,,misc,walmart.com
tdsrmbl_net,,misc,tdsrmbl.net
wayfair_com,,misc,wayfair.com
contentpass,,customer_interaction,contentpass.de;contentpass.net
esprit.de,,misc,esprit.de
performio,,advertising,performax.cz
s3xified.com,,unknown,s3xified.com
zypmedia,,advertising,extend.tv
4finance_com,,customer_interaction,4finance.com
a3cloud_net,,unknown,a3cloud.net
f11-ads.com,,advertising,f11-ads.com
maxonclick_com,,unknown,maxonclick.com
mobtrks.com,,unknown,mobtrks.com
pushnative.com,,unknown,pushnative.com
baur.de,,misc,baur.de
id-news.net,,advertising,id-news.net;idcdn.de
upravel.com,,unknown,upravel.com
fluct,,advertising,adingo.jp
adbrain,,advertising,adbrn.com
stathat,,site_analytics,stathat.com
xxxlshop.de,,misc,xxxlshop.de
brealtime,,advertising,brealtime.com
tchibo_de,,misc,tchibo-content.de;tchibo.de
eshopcomp.com,,extensions,eshopcomp.com
davebestdeals.com,,extensions,davebestdeals.com
othersearch.info,,misc,othersearch.info
spotscenered.info,,unknown,spotscenered.info
brightonclick.com,,advertising,brightonclick.com
ubersetzung-app.com,,extensions,ubersetzung-app.com
supership,,advertising,socdm.com
overheat.it,,site_analytics,overheat.it
imgix.net,,cdn,imgix.net
shopauskunft.de,,customer_interaction,shopauskunft.de
bumlam.com,,unknown,bumlam.com
wirecard,,customer_interaction,wirecard.com;wirecard.de
cardlytics,,site_analytics,cardlytics.com
pmddby.com,,extensions,pmddby.com
comprigo,,extensions,comprigo.com
pnamic.com,,extensions,pnamic.com
donationtools,,extensions,donation-tools.org
bitly,,site_analytics,bit.ly
truoptik,,site_analytics,truoptik.com
solads.media,,advertising,solads.media
doofinder.com,,customer_interaction,doofinder.com
opta.net,,customer_interaction,opta.net
afgr2.com,,pornvertising,afgr2.com
marvellous_machine,,advertising,marvellousmachine.net
aemediatraffic,,site_analytics,aemediatraffic.com;hprofits.com
dcbap.com,,extensions,dcbap.com
viralgains,,advertising,viralgains.com
adswizz,,advertising,adswizz.com
storygize,,advertising,storygize.net
realytics.io,,site_analytics,realytics.io
adguard,,extensions,adguard.com
sortable,,advertising,deployads.com
smi2.ru,,advertising,smi2.net;smi2.ru
venturead.com,,unknown,venturead.com
petametrics,,customer_interaction,petametrics.com
rtbsuperhub.com,,advertising,rtbsuperhub.com
yahoo_japan,,misc,storage-yahoo.jp;yahoo.co.jp;yahooapis.jp;yimg.jp;yjtag.jp
lentainform.com,,misc,lentainform.com
layer-ad.org,,advertising,layer-ad.org
sstatic.net,,cdn,sstatic.net
acpm.fr,,site_analytics,acpm.fr
enreach,,site_analytics,adtlgc.com
ownpage,,customer_interaction,ownpage.fr
dotmetrics.net,,site_analytics,dotmetrics.net
bitrix,,advertising,bitrix.info;bitrix.ru
sendpulse.com,,pornvertising,sendpulse.com
onet.pl,,misc,ocdn.eu;onet.pl
bebi,,advertising,bebi.com
keywee,,site_analytics,keywee.co
bigmir.net,,misc,bigmir.net
adbetclickin.pink,,advertising,adbetclickin.pink
admachine,,advertising,adx1.com
digioh,,advertising,digioh.com;lightboxcdn.com
segmento,,advertising,rutarget.ru
dropbox.com,,pornvertising,dropbox.com;dropboxstatic.com
retailrocket.net,,pornvertising,retailrocket.net;retailrocket.ru
24smi,,misc,24smi.net;24smi.org
giphy.com,,social_media,giphy.com
datamind.ru,,advertising,datamind.ru
toplist.cz,,unknown,toplist.cz
tovarro.com,,advertising,tovarro.com
uptolike.com,,social_media,uptolike.com
crosspixel,,advertising,crosspixel.net;crsspxl.com
cloud-media.fr,,advertising,cloud-media.fr
gfycat.com,,social_media,gfycat.com
flocktory.com,,advertising,flocktory.com
lucky_orange,,site_analytics,livestatserver.com;luckyorange.com;luckyorange.net
perfdrive.com,,unknown,perfdrive.com
wp.pl,,misc,wp.pl;wpimg.pl
mirtesen.ru,,social_media,mirtesen.ru
audtd.com,,advertising,audtd.com
blueconic.net,,site_analytics,blueconic.net
persgroep,,advertising,persgroep.net
pluso.ru,,social_media,pluso.ru
sanoma.fi,,advertising,ilsemedia.nl;sanoma.fi
beeline.ru,,advertising,beeline.ru
ucoz.net,,site_analytics,ucoz.net
piguiqproxy.com,,unknown,piguiqproxy.com
puserving.com,,unknown,puserving.com
bbci,,hosting,bbci.co.uk
relap,,advertising,relap.io
velocecdn.com,,unknown,velocecdn.com
hotdogsandads.com,,unknown,hotdogsandads.com
heroku,,hosting,herokuapp.com
openstat,,site_analytics,openstat.net
ymetrica1.com,,unknown,ymetrica1.com
speedcurve,,site_analytics,speedcurve.com
combotag,,advertising,combotag.com
olx-st.com,,misc,olx-st.com;onap.io
unpkg.com,,cdn,unpkg.com
ipify,,misc,ipify.org
adglare.net,,advertising,adglare.net
advertserve,,advertising,advertserve.com
quora.com,,social_media,quora.com
trafficfactory,,advertising,trafficfactory.biz
bouncex,,advertising,bouncex.com;bouncex.net
qualaroo,,site_analytics,qualaroo.com
smyte,,site_analytics,smyte.com
spotify,,audio_video_player,scdn.co;spotify.com
kataweb.it,,advertising,kataweb.it
otm-r.com,,advertising,otm-r.com
caltat.com,,customer_interaction,caltat.com
giraff.io,,advertising,giraff.io
cackle.me,,pornvertising,cackle.me
loadercdn.com,,unknown,loadercdn.com
i10c.net,,unknown,i10c.net
amgload.net,,unknown,amgload.net
digital_nomads,,advertising,adtag.cc
dyncdn.me,,unknown,dyncdn.me
glganltcs.space,,extensions,glganltcs.space
datds.net,,extensions,datds.net
superfastcdn.com,,unknown,superfastcdn.com
notify,,advertising,adleadevent.com
defpush.com,,unknown,defpush.com
movable_ink,,pornvertising,micpn.com
walkme.com,,customer_interaction,walkme.com
camakaroda.com,,unknown,camakaroda.com
eperflex,,advertising,email-reflex.com
ccm_benchmark,,advertising,ccmbg.com
iubenda.com,,essential,iubenda.com
acestream.net,,extensions,acestream.net
flixmedia,,misc,flix360.com
logsss.com,,unknown,logsss.com
ria.ru,,misc,ria.ru
howtank.com,,social_media,howtank.com
hotlog.ru,,site_analytics,hotlog.ru
tracc.it,,site_analytics,kiwe.io;tracc.it
dcmn.com,,advertising,dcmn.com
lenmit.com,,unknown,lenmit.com
livetex.ru,,pornvertising,livetex.ru
spoutable,,advertising,spoutable.com
adalliance.io,,advertising,adalliance.io
lottex_inc,,unknown,vidcpm.com
statsy.net,,unknown,statsy.net
adlabs,,advertising,adlabs.ru;clickiocdn.com;luxup.ru;mixmarket.biz
mapbox,,customer_interaction,mapbox.com
boudja.com,,unknown,boudja.com
admo.tv,,pornvertising,admo.tv
pvclouds.com,,unknown,pvclouds.com
stackpathdns.com,,cdn,stackpathdns.com
bluecore,,advertising,triggeredmail.appspot.com
pubnub.com,,misc,pubnub.com
cookiebot,,essential,cookiebot.com
userzoom.com,,pornvertising,userzoom.com
borrango.com,,unknown,borrango.com
skyscnr.com,,cdn,skyscnr.com
babator.com,,site_analytics,babator.com
gamedistribution.com,,misc,gamedistribution.com
kaloo.ga,,advertising,kaloo.ga
acquia.com,,site_analytics,acquia.com
vooxe.com,,misc,vooxe.com
apicit.net,,advertising,apicit.net
travel_audience,,site_analytics,travelaudience.com
optanaon,,essential,cookielaw.org
trafmag.com,,advertising,trafmag.com
modulepush.com,,advertising,modulepush.com
admixer.net,,advertising,admixer.net
deviantart.net,,misc,dapxl.com;deviantart.net
wix.com,,misc,parastorage.com;wix.com
ad-delivery.net,,unknown,ad-delivery.net
snapchat,,advertising,sc-static.net;snapchat.com
videoplayerhub.com,,unknown,videoplayerhub.com
jivochat,,customer_interaction,jivosite.com
ie8eamus.com,,unknown,ie8eamus.com
discord,,customer_interaction,discordapp.com
ionicframework.com,,misc,ionicframework.com
sociaplus.com,,site_analytics,sociaplus.com
beampulse.com,,advertising,beampulse.com
early_birds,,advertising,early-birds.fr
pageanalytics.space,,unknown,pageanalytics.space
loadsource.org,,unknown,loadsource.org
adbetnet.com,,advertising,adbetnet.com
zukxd6fkxqn.com,,unknown,zukxd6fkxqn.com
undercomputer.com,,unknown,undercomputer.com
popin.cc,,advertising,popin.cc
ispot.tv,,advertising,ispot.tv
fout.jp,,advertising,fout.jp
distroscale,,site_analytics,jsrdn.com
baletingo.com,,unknown,baletingo.com
narrative_io,,site_analytics,narrative.io
gettyimages,,misc,gettyimages.com
microad,,advertising,microad.co.jp;microad.jp
pub.network,,advertising,pub.network
hubvisor.io,,advertising,hubvisor.io
pendo.io,,site_analytics,pendo.io
noop.style,,unknown,noop.style
prebid,,advertising,prebid.org
datatables,,customer_interaction,datatables.net
algolia.net,,advertising,algolia.com;algolia.net
mediav,,advertising,mediav.com
licensebuttons.net,,cdn,licensebuttons.net
moz,,misc,moz.com
squarespace.com,,site_analytics,squarespace.com
cdnsure.com,,unknown,cdnsure.com
o12zs3u2n.com,,unknown,o12zs3u2n.com
joinhoney,,misc,joinhoney.com
xen-media.com,,unknown,xen-media.com
mercado,,site_analytics,analytics.mlstatic.com;mercadoclics.com
vacaneedasap.com,,unknown,vacaneedasap.com
canvas,,customer_interaction,canvas.net;canvasnetwork.com;du11hjcvx0uqb.cloudfront.net
smartlink.cool,,unknown,smartlink.cool
hoholikik.club,,extensions,hoholikik.club
sina_cdn,,cdn,sinaimg.cn
arcpublishing,,misc,arcpublishing.com
tableteducation.com,,unknown,tableteducation.com
ivcbrasil.org.br,,site_analytics,ivcbrasil.org.br
